"","temperature","period","type","date","sensor"
"1",13.76,1,0,2022-06-30 23:00:00,0
"2",13.698333333333,1,0,2022-07-01 00:00:00,0
"3",13.351666666667,1,0,2022-07-01 01:00:00,0
"4",12.951666666667,1,0,2022-07-01 02:00:00,0
"5",12.41,1,0,2022-07-01 03:00:00,0
"6",11.958333333333,1,0,2022-07-01 04:00:00,0
"7",11.673333333333,1,0,2022-07-01 05:00:00,0
"8",11.923333333333,1,0,2022-07-01 06:00:00,0
"9",12.876666666667,1,0,2022-07-01 07:00:00,0
"10",14.4,1,0,2022-07-01 08:00:00,0
"11",15.526666666667,1,0,2022-07-01 09:00:00,0
"12",17.248333333333,1,0,2022-07-01 10:00:00,0
"13",17.821666666667,1,0,2022-07-01 11:00:00,0
"14",17.816666666667,1,0,2022-07-01 12:00:00,0
"15",18.958333333333,1,0,2022-07-01 13:00:00,0
"16",19.556666666667,1,0,2022-07-01 14:00:00,0
"17",19.698333333333,1,0,2022-07-01 15:00:00,0
"18",20.33,1,0,2022-07-01 16:00:00,0
"19",21.313333333333,1,0,2022-07-01 17:00:00,0
"20",20.411666666667,1,0,2022-07-01 18:00:00,0
"21",19.918333333333,1,0,2022-07-01 19:00:00,0
"22",20.028333333333,1,0,2022-07-01 20:00:00,0
"23",17.16,1,0,2022-07-01 21:00:00,0
"24",14.213333333333,1,0,2022-07-01 22:00:00,0
"25",12.551666666667,1,0,2022-07-01 23:00:00,0
"26",12.09,1,0,2022-07-02 00:00:00,0
"27",11.64,1,0,2022-07-02 01:00:00,0
"28",11.148333333333,1,0,2022-07-02 02:00:00,0
"29",10.598333333333,1,0,2022-07-02 03:00:00,0
"30",9.7016666666667,1,0,2022-07-02 04:00:00,0
"31",9.5383333333333,1,0,2022-07-02 05:00:00,0
"32",10.176666666667,1,0,2022-07-02 06:00:00,0
"33",12.17,1,0,2022-07-02 07:00:00,0
"34",15.328333333333,1,0,2022-07-02 08:00:00,0
"35",20.141666666667,1,0,2022-07-02 09:00:00,0
"36",21.483333333333,1,0,2022-07-02 10:00:00,0
"37",22.721666666667,1,0,2022-07-02 11:00:00,0
"38",23.598333333333,1,0,2022-07-02 12:00:00,0
"39",24.308333333333,1,0,2022-07-02 13:00:00,0
"40",25.101666666667,1,0,2022-07-02 14:00:00,0
"41",26.34,1,0,2022-07-02 15:00:00,0
"42",26.8,1,0,2022-07-02 16:00:00,0
"43",27.288333333333,1,0,2022-07-02 17:00:00,0
"44",26.783333333333,1,0,2022-07-02 18:00:00,0
"45",25.495,1,0,2022-07-02 19:00:00,0
"46",25.885,1,0,2022-07-02 20:00:00,0
"47",21.995,1,0,2022-07-02 21:00:00,0
"48",19.771666666667,1,0,2022-07-02 22:00:00,0
"49",17.398333333333,1,0,2022-07-02 23:00:00,0
"50",16.82,1,0,2022-07-03 00:00:00,0
"51",15.82,1,0,2022-07-03 01:00:00,0
"52",13.791666666667,1,0,2022-07-03 02:00:00,0
"53",13.438333333333,1,0,2022-07-03 03:00:00,0
"54",13.095,1,0,2022-07-03 04:00:00,0
"55",12.751666666667,1,0,2022-07-03 05:00:00,0
"56",13.503333333333,1,0,2022-07-03 06:00:00,0
"57",15.378333333333,1,0,2022-07-03 07:00:00,0
"58",18.39,1,0,2022-07-03 08:00:00,0
"59",20.59,1,0,2022-07-03 09:00:00,0
"60",22.041666666667,1,0,2022-07-03 10:00:00,0
"61",23.108333333333,1,0,2022-07-03 11:00:00,0
"62",24.043333333333,1,0,2022-07-03 12:00:00,0
"63",24.213333333333,1,0,2022-07-03 13:00:00,0
"64",24.113333333333,1,0,2022-07-03 14:00:00,0
"65",23.196666666667,1,0,2022-07-03 15:00:00,0
"66",23.05,1,0,2022-07-03 16:00:00,0
"67",23.528333333333,1,0,2022-07-03 17:00:00,0
"68",22.251666666667,1,0,2022-07-03 18:00:00,0
"69",22.225,1,0,2022-07-03 19:00:00,0
"70",21.06,1,0,2022-07-03 20:00:00,0
"71",19.113333333333,1,0,2022-07-03 21:00:00,0
"72",17.161666666667,1,0,2022-07-03 22:00:00,0
"73",15.536666666667,1,0,2022-07-03 23:00:00,0
"74",13.381666666667,1,0,2022-07-04 00:00:00,0
"75",12.17,1,0,2022-07-04 01:00:00,0
"76",11.338333333333,1,0,2022-07-04 02:00:00,0
"77",11.818333333333,1,0,2022-07-04 03:00:00,0
"78",11.17,1,0,2022-07-04 04:00:00,0
"79",9.915,1,0,2022-07-04 05:00:00,0
"80",10.513333333333,1,0,2022-07-04 06:00:00,0
"81",12.391666666667,1,0,2022-07-04 07:00:00,0
"82",15.446666666667,1,0,2022-07-04 08:00:00,0
"83",19.415,1,0,2022-07-04 09:00:00,0
"84",19.778333333333,1,0,2022-07-04 10:00:00,0
"85",21.038333333333,1,0,2022-07-04 11:00:00,0
"86",21.53,1,0,2022-07-04 12:00:00,0
"87",22.331666666667,1,0,2022-07-04 13:00:00,0
"88",23.216666666667,1,0,2022-07-04 14:00:00,0
"89",23.575,1,0,2022-07-04 15:00:00,0
"90",23.803333333333,1,0,2022-07-04 16:00:00,0
"91",24.546666666667,1,0,2022-07-04 17:00:00,0
"92",24.353333333333,1,0,2022-07-04 18:00:00,0
"93",23.796666666667,1,0,2022-07-04 19:00:00,0
"94",22.516666666667,1,0,2022-07-04 20:00:00,0
"95",19.83,1,0,2022-07-04 21:00:00,0
"96",16.33,1,0,2022-07-04 22:00:00,0
"97",14.868333333333,1,0,2022-07-04 23:00:00,0
"98",13.76,1,0,2022-07-05 00:00:00,0
"99",15.425,1,0,2022-07-05 01:00:00,0
"100",15.283333333333,1,0,2022-07-05 02:00:00,0
"101",14.303333333333,1,0,2022-07-05 03:00:00,0
"102",13.696666666667,1,0,2022-07-05 04:00:00,0
"103",12.181666666667,1,0,2022-07-05 05:00:00,0
"104",12.805,1,0,2022-07-05 06:00:00,0
"105",14.661666666667,1,0,2022-07-05 07:00:00,0
"106",17.081666666667,1,0,2022-07-05 08:00:00,0
"107",19.59,1,0,2022-07-05 09:00:00,0
"108",20.481666666667,1,0,2022-07-05 10:00:00,0
"109",21.323333333333,1,0,2022-07-05 11:00:00,0
"110",21.731666666667,1,0,2022-07-05 12:00:00,0
"111",22.23,1,0,2022-07-05 13:00:00,0
"112",23.138333333333,1,0,2022-07-05 14:00:00,0
"113",23.593333333333,1,0,2022-07-05 15:00:00,0
"114",23.328333333333,1,0,2022-07-05 16:00:00,0
"115",23.426666666667,1,0,2022-07-05 17:00:00,0
"116",22.39,1,0,2022-07-05 18:00:00,0
"117",21.776,1,0,2022-07-05 19:00:00,0
"118",19.368333333333,1,0,2022-07-05 20:00:00,0
"119",18.336666666667,1,0,2022-07-05 21:00:00,0
"120",17.111666666667,1,0,2022-07-05 22:00:00,0
"121",16.58,1,0,2022-07-05 23:00:00,0
"122",15.153333333333,1,0,2022-07-06 00:00:00,0
"123",14.258333333333,1,0,2022-07-06 01:00:00,0
"124",12.08,1,0,2022-07-06 02:00:00,0
"125",11.046666666667,1,0,2022-07-06 03:00:00,0
"126",10.905,1,0,2022-07-06 04:00:00,0
"127",10.848333333333,1,0,2022-07-06 05:00:00,0
"128",10.588333333333,1,0,2022-07-06 06:00:00,0
"129",12.428333333333,1,0,2022-07-06 07:00:00,0
"130",13.916666666667,1,0,2022-07-06 08:00:00,0
"131",14.64,1,0,2022-07-06 09:00:00,0
"132",15.368333333333,1,0,2022-07-06 10:00:00,0
"133",16.463333333333,1,0,2022-07-06 11:00:00,0
"134",17.303333333333,1,0,2022-07-06 12:00:00,0
"135",18.23,1,0,2022-07-06 13:00:00,0
"136",19.253333333333,1,0,2022-07-06 14:00:00,0
"137",19.495,1,0,2022-07-06 15:00:00,0
"138",20.311666666667,1,0,2022-07-06 16:00:00,0
"139",21.116666666667,1,0,2022-07-06 17:00:00,0
"140",20.956666666667,1,0,2022-07-06 18:00:00,0
"141",20.255,1,0,2022-07-06 19:00:00,0
"142",19.576666666667,1,0,2022-07-06 20:00:00,0
"143",18.093333333333,1,0,2022-07-06 21:00:00,0
"144",16.351666666667,1,0,2022-07-06 22:00:00,0
"145",15.595,1,0,2022-07-06 23:00:00,0
"146",15.303333333333,1,0,2022-07-07 00:00:00,0
"147",15.428333333333,1,0,2022-07-07 01:00:00,0
"148",15.913333333333,1,0,2022-07-07 02:00:00,0
"149",16.293333333333,1,0,2022-07-07 03:00:00,0
"150",16.83,1,0,2022-07-07 04:00:00,0
"151",17.435,1,0,2022-07-07 05:00:00,0
"152",17.131666666667,1,0,2022-07-07 06:00:00,0
"153",17.221666666667,1,0,2022-07-07 07:00:00,0
"154",16.626666666667,1,0,2022-07-07 08:00:00,0
"155",16.323333333333,1,0,2022-07-07 09:00:00,0
"156",16.108333333333,1,0,2022-07-07 10:00:00,0
"157",16.831666666667,1,0,2022-07-07 11:00:00,0
"158",17.783333333333,1,0,2022-07-07 12:00:00,0
"159",17.666666666667,1,0,2022-07-07 13:00:00,0
"160",17.3,1,0,2022-07-07 14:00:00,0
"161",16.923333333333,1,0,2022-07-07 15:00:00,0
"162",17.505,1,0,2022-07-07 16:00:00,0
"163",18.595,1,0,2022-07-07 17:00:00,0
"164",19.185,1,0,2022-07-07 18:00:00,0
"165",18.695,1,0,2022-07-07 19:00:00,0
"166",17.083333333333,1,0,2022-07-07 20:00:00,0
"167",15.826666666667,1,0,2022-07-07 21:00:00,0
"168",15.481666666667,1,0,2022-07-07 22:00:00,0
"169",15.145,1,0,2022-07-07 23:00:00,0
"170",14.83,1,0,2022-07-08 00:00:00,0
"171",14.381666666667,1,0,2022-07-08 01:00:00,0
"172",13.831666666667,1,0,2022-07-08 02:00:00,0
"173",13.57,1,0,2022-07-08 03:00:00,0
"174",13.151666666667,1,0,2022-07-08 04:00:00,0
"175",12.531666666667,1,0,2022-07-08 05:00:00,0
"176",12.706666666667,1,0,2022-07-08 06:00:00,0
"177",13.57,1,0,2022-07-08 07:00:00,0
"178",14.686666666667,1,0,2022-07-08 08:00:00,0
"179",15.785,1,0,2022-07-08 09:00:00,0
"180",16.905,1,0,2022-07-08 10:00:00,0
"181",18.16,1,0,2022-07-08 11:00:00,0
"182",19.925,1,0,2022-07-08 12:00:00,0
"183",20.736666666667,1,0,2022-07-08 13:00:00,0
"184",21.695,1,0,2022-07-08 14:00:00,0
"185",22.248333333333,1,0,2022-07-08 15:00:00,0
"186",23.175,1,0,2022-07-08 16:00:00,0
"187",23.763333333333,1,0,2022-07-08 17:00:00,0
"188",24.075,1,0,2022-07-08 18:00:00,0
"189",22.871428571429,1,0,2022-07-08 19:00:00,0
"190",22.318333333333,1,0,2022-07-08 20:00:00,0
"191",19.658333333333,1,0,2022-07-08 21:00:00,0
"192",16.558333333333,1,0,2022-07-08 22:00:00,0
"193",15.586666666667,1,0,2022-07-08 23:00:00,0
"194",15.246666666667,1,0,2022-07-09 00:00:00,0
"195",14.306666666667,1,0,2022-07-09 01:00:00,0
"196",13.631666666667,1,0,2022-07-09 02:00:00,0
"197",13.176666666667,1,0,2022-07-09 03:00:00,0
"198",12.846666666667,1,0,2022-07-09 04:00:00,0
"199",13.951666666667,1,0,2022-07-09 05:00:00,0
"200",14.09,1,0,2022-07-09 06:00:00,0
"201",15.441666666667,1,0,2022-07-09 07:00:00,0
"202",18.278333333333,1,0,2022-07-09 08:00:00,0
"203",20.331666666667,1,0,2022-07-09 09:00:00,0
"204",21.46,1,0,2022-07-09 10:00:00,0
"205",21.981666666667,1,0,2022-07-09 11:00:00,0
"206",22.616666666667,1,0,2022-07-09 12:00:00,0
"207",23.263333333333,1,0,2022-07-09 13:00:00,0
"208",23.015,1,0,2022-07-09 14:00:00,0
"209",22.958333333333,1,0,2022-07-09 15:00:00,0
"210",21.078333333333,1,0,2022-07-09 16:00:00,0
"211",23.041666666667,1,0,2022-07-09 17:00:00,0
"212",22.201666666667,1,0,2022-07-09 18:00:00,0
"213",21.465,1,0,2022-07-09 19:00:00,0
"214",19.968333333333,1,0,2022-07-09 20:00:00,0
"215",18.773333333333,1,0,2022-07-09 21:00:00,0
"216",17.443333333333,1,0,2022-07-09 22:00:00,0
"217",16.063333333333,1,0,2022-07-09 23:00:00,0
"218",14.906666666667,1,0,2022-07-10 00:00:00,0
"219",13.723333333333,1,0,2022-07-10 01:00:00,0
"220",12.716666666667,1,0,2022-07-10 02:00:00,0
"221",12.083333333333,1,0,2022-07-10 03:00:00,0
"222",12.368333333333,1,0,2022-07-10 04:00:00,0
"223",12.163333333333,1,0,2022-07-10 05:00:00,0
"224",12.47,1,0,2022-07-10 06:00:00,0
"225",13.45,1,0,2022-07-10 07:00:00,0
"226",14.25,1,0,2022-07-10 08:00:00,0
"227",14.453333333333,1,0,2022-07-10 09:00:00,0
"228",15.868333333333,1,0,2022-07-10 10:00:00,0
"229",16.373333333333,1,0,2022-07-10 11:00:00,0
"230",16.678333333333,1,0,2022-07-10 12:00:00,0
"231",16.96,1,0,2022-07-10 13:00:00,0
"232",17.486666666667,1,0,2022-07-10 14:00:00,0
"233",18.121666666667,1,0,2022-07-10 15:00:00,0
"234",18.588333333333,1,0,2022-07-10 16:00:00,0
"235",19.435,1,0,2022-07-10 17:00:00,0
"236",19.368333333333,1,0,2022-07-10 18:00:00,0
"237",19.028333333333,1,0,2022-07-10 19:00:00,0
"238",18.836666666667,1,0,2022-07-10 20:00:00,0
"239",18.531666666667,1,0,2022-07-10 21:00:00,0
"240",17.693333333333,1,0,2022-07-10 22:00:00,0
"241",16.953333333333,1,0,2022-07-10 23:00:00,0
"242",16.816666666667,1,0,2022-07-11 00:00:00,0
"243",17.181666666667,1,0,2022-07-11 01:00:00,0
"244",17.053333333333,1,0,2022-07-11 02:00:00,0
"245",16.568333333333,1,0,2022-07-11 03:00:00,0
"246",15.943333333333,1,0,2022-07-11 04:00:00,0
"247",15.293333333333,1,0,2022-07-11 05:00:00,0
"248",15.243333333333,1,0,2022-07-11 06:00:00,0
"249",15.933333333333,1,0,2022-07-11 07:00:00,0
"250",16.561666666667,1,0,2022-07-11 08:00:00,0
"251",17.056666666667,1,0,2022-07-11 09:00:00,0
"252",17.491666666667,1,0,2022-07-11 10:00:00,0
"253",17.795,1,0,2022-07-11 11:00:00,0
"254",18.361666666667,1,0,2022-07-11 12:00:00,0
"255",18.44,1,0,2022-07-11 13:00:00,0
"256",18.701666666667,1,0,2022-07-11 14:00:00,0
"257",19.385,1,0,2022-07-11 15:00:00,0
"258",20.053333333333,1,0,2022-07-11 16:00:00,0
"259",20.413333333333,1,0,2022-07-11 17:00:00,0
"260",20.71,1,0,2022-07-11 18:00:00,0
"261",21.763333333333,1,0,2022-07-11 19:00:00,0
"262",20.465,1,0,2022-07-11 20:00:00,0
"263",17.411666666667,1,0,2022-07-11 21:00:00,0
"264",14.303333333333,1,0,2022-07-11 22:00:00,0
"265",13.166666666667,1,0,2022-07-11 23:00:00,0
"266",12.69,1,0,2022-07-12 00:00:00,0
"267",12.78,1,0,2022-07-12 01:00:00,0
"268",12,1,0,2022-07-12 02:00:00,0
"269",11.391666666667,1,0,2022-07-12 03:00:00,0
"270",11,1,0,2022-07-12 04:00:00,0
"271",10.931666666667,1,0,2022-07-12 05:00:00,0
"272",11.198333333333,1,0,2022-07-12 06:00:00,0
"273",13.058333333333,1,0,2022-07-12 07:00:00,0
"274",16.331666666667,1,0,2022-07-12 08:00:00,0
"275",20.916666666667,1,0,2022-07-12 09:00:00,0
"276",22.738333333333,1,0,2022-07-12 10:00:00,0
"277",24.205,1,0,2022-07-12 11:00:00,0
"278",25.518333333333,1,0,2022-07-12 12:00:00,0
"279",26.238333333333,1,0,2022-07-12 13:00:00,0
"280",27.343333333333,1,0,2022-07-12 14:00:00,0
"281",28.156666666667,1,0,2022-07-12 15:00:00,0
"282",28.574468085106,1,0,2022-07-12 16:00:00,0
"283",28.749152542373,1,0,2022-07-12 17:00:00,0
"284",27.406666666667,1,0,2022-07-12 18:00:00,0
"285",25.27,1,0,2022-07-12 19:00:00,0
"286",23.863333333333,1,0,2022-07-12 20:00:00,0
"287",21.76,1,0,2022-07-12 21:00:00,0
"288",19.903333333333,1,0,2022-07-12 22:00:00,0
"289",19.043333333333,1,0,2022-07-12 23:00:00,0
"290",18.241666666667,1,0,2022-07-13 00:00:00,0
"291",18.601666666667,1,0,2022-07-13 01:00:00,0
"292",18.378333333333,1,0,2022-07-13 02:00:00,0
"293",18.505,1,0,2022-07-13 03:00:00,0
"294",18.636666666667,1,0,2022-07-13 04:00:00,0
"295",18.646666666667,1,0,2022-07-13 05:00:00,0
"296",19.253333333333,1,0,2022-07-13 06:00:00,0
"297",20,1,0,2022-07-13 07:00:00,0
"298",21.631666666667,1,0,2022-07-13 08:00:00,0
"299",23.336666666667,1,0,2022-07-13 09:00:00,0
"300",25.171666666667,1,0,2022-07-13 10:00:00,0
"301",26.911666666667,1,0,2022-07-13 11:00:00,0
"302",28.211666666667,1,0,2022-07-13 12:00:00,0
"303",29.461666666667,1,0,2022-07-13 13:00:00,0
"304",30.005,1,0,2022-07-13 14:00:00,0
"305",31.028333333333,1,0,2022-07-13 15:00:00,0
"306",30.723333333333,1,0,2022-07-13 16:00:00,0
"307",29.281666666667,1,0,2022-07-13 17:00:00,0
"308",29.058333333333,1,0,2022-07-13 18:00:00,0
"309",27.85,1,0,2022-07-13 19:00:00,0
"310",25.348333333333,1,0,2022-07-13 20:00:00,0
"311",22.696666666667,1,0,2022-07-13 21:00:00,0
"312",21.368333333333,1,0,2022-07-13 22:00:00,0
"313",20.113333333333,1,0,2022-07-13 23:00:00,0
"314",20.5,1,0,2022-07-14 00:00:00,0
"315",20.056666666667,1,0,2022-07-14 01:00:00,0
"316",19.086666666667,1,0,2022-07-14 02:00:00,0
"317",18.328333333333,1,0,2022-07-14 03:00:00,0
"318",17.515,1,0,2022-07-14 04:00:00,0
"319",17.02,1,0,2022-07-14 05:00:00,0
"320",16.653333333333,1,0,2022-07-14 06:00:00,0
"321",16.921666666667,1,0,2022-07-14 07:00:00,0
"322",17.621666666667,1,0,2022-07-14 08:00:00,0
"323",18.496666666667,1,0,2022-07-14 09:00:00,0
"324",18.885,1,0,2022-07-14 10:00:00,0
"325",20.803333333333,1,0,2022-07-14 11:00:00,0
"326",22.785,1,0,2022-07-14 12:00:00,0
"327",22.906666666667,1,0,2022-07-14 13:00:00,0
"328",23.971666666667,1,0,2022-07-14 14:00:00,0
"329",23.956666666667,1,0,2022-07-14 15:00:00,0
"330",23.135,1,0,2022-07-14 16:00:00,0
"331",24.311666666667,1,0,2022-07-14 17:00:00,0
"332",24.223333333333,1,0,2022-07-14 18:00:00,0
"333",22.611666666667,1,0,2022-07-14 19:00:00,0
"334",21.743333333333,1,0,2022-07-14 20:00:00,0
"335",19.806666666667,1,0,2022-07-14 21:00:00,0
"336",18.873333333333,1,0,2022-07-14 22:00:00,0
"337",17.796666666667,1,0,2022-07-14 23:00:00,0
"338",16.33,1,0,2022-07-15 00:00:00,0
"339",15.103333333333,1,0,2022-07-15 01:00:00,0
"340",14.161666666667,1,0,2022-07-15 02:00:00,0
"341",13.353333333333,1,0,2022-07-15 03:00:00,0
"342",13.525,1,0,2022-07-15 04:00:00,0
"343",13.838333333333,1,0,2022-07-15 05:00:00,0
"344",14.006666666667,1,0,2022-07-15 06:00:00,0
"345",14.036666666667,1,0,2022-07-15 07:00:00,0
"346",14.608333333333,1,0,2022-07-15 08:00:00,0
"347",16.323333333333,1,0,2022-07-15 09:00:00,0
"348",17.525,1,0,2022-07-15 10:00:00,0
"349",17.815,1,0,2022-07-15 11:00:00,0
"350",19.346666666667,1,0,2022-07-15 12:00:00,0
"351",19.95,1,0,2022-07-15 13:00:00,0
"352",21.11,1,0,2022-07-15 14:00:00,0
"353",21.513333333333,1,0,2022-07-15 15:00:00,0
"354",21.323333333333,1,0,2022-07-15 16:00:00,0
"355",21.983333333333,1,0,2022-07-15 17:00:00,0
"356",21.996666666667,1,0,2022-07-15 18:00:00,0
"357",22.096666666667,1,0,2022-07-15 19:00:00,0
"358",21.526666666667,1,0,2022-07-15 20:00:00,0
"359",18.158333333333,1,0,2022-07-15 21:00:00,0
"360",14.706666666667,1,0,2022-07-15 22:00:00,0
"361",14.256666666667,1,0,2022-07-15 23:00:00,0
"362",14.131666666667,1,0,2022-07-16 00:00:00,0
"363",12.366666666667,1,0,2022-07-16 01:00:00,0
"364",11.525,1,0,2022-07-16 02:00:00,0
"365",11.391666666667,1,0,2022-07-16 03:00:00,0
"366",11.428846153846,1,0,2022-07-16 04:00:00,0
"367",10.688333333333,1,0,2022-07-16 05:00:00,0
"368",12.851666666667,1,0,2022-07-16 06:00:00,0
"369",14.92,1,0,2022-07-16 07:00:00,0
"370",17.355,1,0,2022-07-16 08:00:00,0
"371",18.163333333333,1,0,2022-07-16 09:00:00,0
"372",18.396666666667,1,0,2022-07-16 10:00:00,0
"373",19.355,1,0,2022-07-16 11:00:00,0
"374",20.326666666667,1,0,2022-07-16 12:00:00,0
"375",21.501666666667,1,0,2022-07-16 13:00:00,0
"376",21.92,1,0,2022-07-16 14:00:00,0
"377",23.096666666667,1,0,2022-07-16 15:00:00,0
"378",23.55,1,0,2022-07-16 16:00:00,0
"379",23.23,1,0,2022-07-16 17:00:00,0
"380",23.315,1,0,2022-07-16 18:00:00,0
"381",23.16,1,0,2022-07-16 19:00:00,0
"382",21.616666666667,1,0,2022-07-16 20:00:00,0
"383",18.568333333333,1,0,2022-07-16 21:00:00,0
"384",15.12,1,0,2022-07-16 22:00:00,0
"385",12.475,1,0,2022-07-16 23:00:00,0
"386",10.91,1,0,2022-07-17 00:00:00,0
"387",10.271666666667,1,0,2022-07-17 01:00:00,0
"388",10.105,1,0,2022-07-17 02:00:00,0
"389",9.93,1,0,2022-07-17 03:00:00,0
"390",8.965,1,0,2022-07-17 04:00:00,0
"391",8.5183333333333,1,0,2022-07-17 05:00:00,0
"392",9.25,1,0,2022-07-17 06:00:00,0
"393",11.195,1,0,2022-07-17 07:00:00,0
"394",14.963333333333,1,0,2022-07-17 08:00:00,0
"395",19.08,1,0,2022-07-17 09:00:00,0
"396",21.325,1,0,2022-07-17 10:00:00,0
"397",22.638333333333,1,0,2022-07-17 11:00:00,0
"398",24.063333333333,1,0,2022-07-17 12:00:00,0
"399",24.486666666667,1,0,2022-07-17 13:00:00,0
"400",25.381666666667,1,0,2022-07-17 14:00:00,0
"401",26.623333333333,1,0,2022-07-17 15:00:00,0
"402",27.071666666667,1,0,2022-07-17 16:00:00,0
"403",27.606666666667,1,0,2022-07-17 17:00:00,0
"404",27.313333333333,1,0,2022-07-17 18:00:00,0
"405",26.646666666667,1,0,2022-07-17 19:00:00,0
"406",24.321666666667,1,0,2022-07-17 20:00:00,0
"407",20.758333333333,1,0,2022-07-17 21:00:00,0
"408",16.795,1,0,2022-07-17 22:00:00,0
"409",14.62,1,0,2022-07-17 23:00:00,0
"410",14.056666666667,1,0,2022-07-18 00:00:00,0
"411",13.79,1,0,2022-07-18 01:00:00,0
"412",13.556666666667,1,0,2022-07-18 02:00:00,0
"413",13.283333333333,1,0,2022-07-18 03:00:00,0
"414",12.906666666667,1,0,2022-07-18 04:00:00,0
"415",12.246666666667,1,0,2022-07-18 05:00:00,0
"416",13.431666666667,1,0,2022-07-18 06:00:00,0
"417",14.925,1,0,2022-07-18 07:00:00,0
"418",18.4,1,0,2022-07-18 08:00:00,0
"419",24.42,1,0,2022-07-18 09:00:00,0
"420",28.493333333333,1,0,2022-07-18 10:00:00,0
"421",30.323333333333,1,0,2022-07-18 11:00:00,0
"422",31.101666666667,1,0,2022-07-18 12:00:00,0
"423",32.363333333333,1,0,2022-07-18 13:00:00,0
"424",33.111666666667,1,0,2022-07-18 14:00:00,0
"425",33.638333333333,1,0,2022-07-18 15:00:00,0
"426",34.036666666667,1,0,2022-07-18 16:00:00,0
"427",34.993333333333,1,0,2022-07-18 17:00:00,0
"428",34.861666666667,1,0,2022-07-18 18:00:00,0
"429",33.055,1,0,2022-07-18 19:00:00,0
"430",29.851666666667,1,0,2022-07-18 20:00:00,0
"431",25.021666666667,1,0,2022-07-18 21:00:00,0
"432",20.805,1,0,2022-07-18 22:00:00,0
"433",18.998333333333,1,0,2022-07-18 23:00:00,0
"434",18.27,1,0,2022-07-19 00:00:00,0
"435",17.826666666667,1,0,2022-07-19 01:00:00,0
"436",17.321666666667,1,0,2022-07-19 02:00:00,0
"437",17.056666666667,1,0,2022-07-19 03:00:00,0
"438",16.211666666667,1,0,2022-07-19 04:00:00,0
"439",16.315,1,0,2022-07-19 05:00:00,0
"440",16.911666666667,1,0,2022-07-19 06:00:00,0
"441",19.22,1,0,2022-07-19 07:00:00,0
"442",22.836666666667,1,0,2022-07-19 08:00:00,0
"443",28.061666666667,1,0,2022-07-19 09:00:00,0
"444",31.111666666667,1,0,2022-07-19 10:00:00,0
"445",33.82,1,0,2022-07-19 11:00:00,0
"446",35.206666666667,1,0,2022-07-19 12:00:00,0
"447",35.855,1,0,2022-07-19 13:00:00,0
"448",36.318333333333,1,0,2022-07-19 14:00:00,0
"449",36.736666666667,1,0,2022-07-19 15:00:00,0
"450",37.053333333333,1,0,2022-07-19 16:00:00,0
"451",36.818333333333,1,0,2022-07-19 17:00:00,0
"452",36.136666666667,1,0,2022-07-19 18:00:00,0
"453",35.34,1,0,2022-07-19 19:00:00,0
"454",32.558333333333,1,0,2022-07-19 20:00:00,0
"455",27.598333333333,1,0,2022-07-19 21:00:00,0
"456",24.573333333333,1,0,2022-07-19 22:00:00,0
"457",21.906666666667,1,0,2022-07-19 23:00:00,0
"458",20.946666666667,1,0,2022-07-20 00:00:00,0
"459",19.001923076923,1,0,2022-07-20 01:00:00,0
"460",17.24,1,0,2022-07-20 02:00:00,0
"461",17.243333333333,1,0,2022-07-20 03:00:00,0
"462",19.433333333333,1,0,2022-07-20 04:00:00,0
"463",23.243333333333,1,0,2022-07-20 05:00:00,0
"464",23.363333333333,1,0,2022-07-20 06:00:00,0
"465",24.188333333333,1,0,2022-07-20 07:00:00,0
"466",24.53,1,0,2022-07-20 08:00:00,0
"467",24.161666666667,1,0,2022-07-20 09:00:00,0
"468",23.771666666667,1,0,2022-07-20 10:00:00,0
"469",25.638333333333,1,0,2022-07-20 11:00:00,0
"470",26.483333333333,1,0,2022-07-20 12:00:00,0
"471",27.633333333333,1,0,2022-07-20 13:00:00,0
"472",29.018333333333,1,0,2022-07-20 14:00:00,0
"473",29.773333333333,1,0,2022-07-20 15:00:00,0
"474",29.896666666667,1,0,2022-07-20 16:00:00,0
"475",30.266666666667,1,0,2022-07-20 17:00:00,0
"476",29.89,1,0,2022-07-20 18:00:00,0
"477",24.346666666667,1,0,2022-07-20 19:00:00,0
"478",22.883333333333,1,0,2022-07-20 20:00:00,0
"479",22.51,1,0,2022-07-20 21:00:00,0
"480",20.275,1,0,2022-07-20 22:00:00,0
"481",17.308333333333,1,0,2022-07-20 23:00:00,0
"482",17.451666666667,1,0,2022-07-21 00:00:00,0
"483",17.505,1,0,2022-07-21 01:00:00,0
"484",17.585,1,0,2022-07-21 02:00:00,0
"485",17.483333333333,1,0,2022-07-21 03:00:00,0
"486",17.273333333333,1,0,2022-07-21 04:00:00,0
"487",17.223333333333,1,0,2022-07-21 05:00:00,0
"488",17.211666666667,1,0,2022-07-21 06:00:00,0
"489",16.63,1,0,2022-07-21 07:00:00,0
"490",17.818333333333,1,0,2022-07-21 08:00:00,0
"491",18.551666666667,1,0,2022-07-21 09:00:00,0
"492",19.76,1,0,2022-07-21 10:00:00,0
"493",21.706666666667,1,0,2022-07-21 11:00:00,0
"494",21.296666666667,1,0,2022-07-21 12:00:00,0
"495",20.106666666667,1,0,2022-07-21 13:00:00,0
"496",20.805,1,0,2022-07-21 14:00:00,0
"497",19.851666666667,1,0,2022-07-21 15:00:00,0
"498",19.255,1,0,2022-07-21 16:00:00,0
"499",18.646666666667,1,0,2022-07-21 17:00:00,0
"500",18.841666666667,1,0,2022-07-21 18:00:00,0
"501",18.728333333333,1,0,2022-07-21 19:00:00,0
"502",18.365,1,0,2022-07-21 20:00:00,0
"503",18.045,1,0,2022-07-21 21:00:00,0
"504",17.663333333333,1,0,2022-07-21 22:00:00,0
"505",17.166666666667,1,0,2022-07-21 23:00:00,0
"506",16.81,1,0,2022-07-22 00:00:00,0
"507",16.613333333333,1,0,2022-07-22 01:00:00,0
"508",16.456666666667,1,0,2022-07-22 02:00:00,0
"509",16.21,1,0,2022-07-22 03:00:00,0
"510",15.961666666667,1,0,2022-07-22 04:00:00,0
"511",15.886666666667,1,0,2022-07-22 05:00:00,0
"512",15.943333333333,1,0,2022-07-22 06:00:00,0
"513",16.195,1,0,2022-07-22 07:00:00,0
"514",16.428333333333,1,0,2022-07-22 08:00:00,0
"515",17.168333333333,1,0,2022-07-22 09:00:00,0
"516",18.225,1,0,2022-07-22 10:00:00,0
"517",19.956666666667,1,0,2022-07-22 11:00:00,0
"518",21.131666666667,1,0,2022-07-22 12:00:00,0
"519",21.853333333333,1,0,2022-07-22 13:00:00,0
"520",22.338333333333,1,0,2022-07-22 14:00:00,0
"521",22.876666666667,1,0,2022-07-22 15:00:00,0
"522",22.948333333333,1,0,2022-07-22 16:00:00,0
"523",22.925,1,0,2022-07-22 17:00:00,0
"524",22.415,1,0,2022-07-22 18:00:00,0
"525",21.593333333333,1,0,2022-07-22 19:00:00,0
"526",20.72,1,0,2022-07-22 20:00:00,0
"527",19.681666666667,1,0,2022-07-22 21:00:00,0
"528",18.561666666667,1,0,2022-07-22 22:00:00,0
"529",17.41,1,0,2022-07-22 23:00:00,0
"530",17.7,1,0,2022-07-23 00:00:00,0
"531",17.823333333333,1,0,2022-07-23 01:00:00,0
"532",16.85,1,0,2022-07-23 02:00:00,0
"533",16.46,1,0,2022-07-23 03:00:00,0
"534",16.113333333333,1,0,2022-07-23 04:00:00,0
"535",15.388333333333,1,0,2022-07-23 05:00:00,0
"536",14.73,1,0,2022-07-23 06:00:00,0
"537",15.77,1,0,2022-07-23 07:00:00,0
"538",17.111666666667,1,0,2022-07-23 08:00:00,0
"539",19.578333333333,1,0,2022-07-23 09:00:00,0
"540",20.323333333333,1,0,2022-07-23 10:00:00,0
"541",21.46,1,0,2022-07-23 11:00:00,0
"542",22.583333333333,1,0,2022-07-23 12:00:00,0
"543",23.22,1,0,2022-07-23 13:00:00,0
"544",24.166666666667,1,0,2022-07-23 14:00:00,0
"545",25.19,1,0,2022-07-23 15:00:00,0
"546",25.485,1,0,2022-07-23 16:00:00,0
"547",25.798333333333,1,0,2022-07-23 17:00:00,0
"548",25.271666666667,1,0,2022-07-23 18:00:00,0
"549",25.298333333333,1,0,2022-07-23 19:00:00,0
"550",23.686666666667,1,0,2022-07-23 20:00:00,0
"551",20.358333333333,1,0,2022-07-23 21:00:00,0
"552",17.626666666667,1,0,2022-07-23 22:00:00,0
"553",16.221666666667,1,0,2022-07-23 23:00:00,0
"554",15.716666666667,1,0,2022-07-24 00:00:00,0
"555",15.54,1,0,2022-07-24 01:00:00,0
"556",14.861666666667,1,0,2022-07-24 02:00:00,0
"557",14.65,1,0,2022-07-24 03:00:00,0
"558",14.823333333333,1,0,2022-07-24 04:00:00,0
"559",14.631666666667,1,0,2022-07-24 05:00:00,0
"560",15.268333333333,1,0,2022-07-24 06:00:00,0
"561",16.715,1,0,2022-07-24 07:00:00,0
"562",18.733333333333,1,0,2022-07-24 08:00:00,0
"563",24.01,1,0,2022-07-24 09:00:00,0
"564",25.601666666667,1,0,2022-07-24 10:00:00,0
"565",26.78,1,0,2022-07-24 11:00:00,0
"566",27.846666666667,1,0,2022-07-24 12:00:00,0
"567",29.213333333333,1,0,2022-07-24 13:00:00,0
"568",29.966666666667,1,0,2022-07-24 14:00:00,0
"569",30.996666666667,1,0,2022-07-24 15:00:00,0
"570",31.45,1,0,2022-07-24 16:00:00,0
"571",32.168333333333,1,0,2022-07-24 17:00:00,0
"572",31.588333333333,1,0,2022-07-24 18:00:00,0
"573",31.226666666667,1,0,2022-07-24 19:00:00,0
"574",27.853333333333,1,0,2022-07-24 20:00:00,0
"575",24.16,1,0,2022-07-24 21:00:00,0
"576",21.403333333333,1,0,2022-07-24 22:00:00,0
"577",20.251666666667,1,0,2022-07-24 23:00:00,0
"578",19.731666666667,1,0,2022-07-25 00:00:00,0
"579",18.595,1,0,2022-07-25 01:00:00,0
"580",18.375,1,0,2022-07-25 02:00:00,0
"581",17.623333333333,1,0,2022-07-25 03:00:00,0
"582",16.971666666667,1,0,2022-07-25 04:00:00,0
"583",16.57,1,0,2022-07-25 05:00:00,0
"584",16.983333333333,1,0,2022-07-25 06:00:00,0
"585",20.2,1,0,2022-07-25 07:00:00,0
"586",22.945,1,0,2022-07-25 08:00:00,0
"587",24.581666666667,1,0,2022-07-25 09:00:00,0
"588",25.235,1,0,2022-07-25 10:00:00,0
"589",26.968333333333,1,0,2022-07-25 11:00:00,0
"590",25.206666666667,1,0,2022-07-25 12:00:00,0
"591",26.5,1,0,2022-07-25 13:00:00,0
"592",26.69,1,0,2022-07-25 14:00:00,0
"593",26.946666666667,1,0,2022-07-25 15:00:00,0
"594",26.148333333333,1,0,2022-07-25 16:00:00,0
"595",23.701666666667,1,0,2022-07-25 17:00:00,0
"596",23.79,1,0,2022-07-25 18:00:00,0
"597",23.366666666667,1,0,2022-07-25 19:00:00,0
"598",23.021666666667,1,0,2022-07-25 20:00:00,0
"599",21.415,1,0,2022-07-25 21:00:00,0
"600",20.065,1,0,2022-07-25 22:00:00,0
"601",18.448333333333,1,0,2022-07-25 23:00:00,0
"602",18.628333333333,1,0,2022-07-26 00:00:00,0
"603",16.956666666667,1,0,2022-07-26 01:00:00,0
"604",16.421428571429,1,0,2022-07-26 02:00:00,0
"605",16.118333333333,1,0,2022-07-26 03:00:00,0
"606",15.38,1,0,2022-07-26 04:00:00,0
"607",15.471666666667,1,0,2022-07-26 05:00:00,0
"608",14.933333333333,1,0,2022-07-26 06:00:00,0
"609",16.993333333333,1,0,2022-07-26 07:00:00,0
"610",17.491666666667,1,0,2022-07-26 08:00:00,0
"611",17.92,1,0,2022-07-26 09:00:00,0
"612",18.705,1,0,2022-07-26 10:00:00,0
"613",19.655,1,0,2022-07-26 11:00:00,0
"614",19.768333333333,1,0,2022-07-26 12:00:00,0
"615",20.486666666667,1,0,2022-07-26 13:00:00,0
"616",21.485,1,0,2022-07-26 14:00:00,0
"617",22.216666666667,1,0,2022-07-26 15:00:00,0
"618",22.131666666667,1,0,2022-07-26 16:00:00,0
"619",21.55,1,0,2022-07-26 17:00:00,0
"620",20.445,1,0,2022-07-26 18:00:00,0
"621",19.678333333333,1,0,2022-07-26 19:00:00,0
"622",19.071666666667,1,0,2022-07-26 20:00:00,0
"623",17.941666666667,1,0,2022-07-26 21:00:00,0
"624",16.563333333333,1,0,2022-07-26 22:00:00,0
"625",16.058333333333,1,0,2022-07-26 23:00:00,0
"626",16.18,1,0,2022-07-27 00:00:00,0
"627",15.91,1,0,2022-07-27 01:00:00,0
"628",15.475,1,0,2022-07-27 02:00:00,0
"629",14.801666666667,1,0,2022-07-27 03:00:00,0
"630",14.026666666667,1,0,2022-07-27 04:00:00,0
"631",13.546666666667,1,0,2022-07-27 05:00:00,0
"632",12.973333333333,1,0,2022-07-27 06:00:00,0
"633",13.225,1,0,2022-07-27 07:00:00,0
"634",14.426666666667,1,0,2022-07-27 08:00:00,0
"635",16.516666666667,1,0,2022-07-27 09:00:00,0
"636",17.551666666667,1,0,2022-07-27 10:00:00,0
"637",18.218333333333,1,0,2022-07-27 11:00:00,0
"638",18.136666666667,1,0,2022-07-27 12:00:00,0
"639",19.308333333333,1,0,2022-07-27 13:00:00,0
"640",19.458333333333,1,0,2022-07-27 14:00:00,0
"641",20.311666666667,1,0,2022-07-27 15:00:00,0
"642",20.43,1,0,2022-07-27 16:00:00,0
"643",20.128333333333,1,0,2022-07-27 17:00:00,0
"644",20.676666666667,1,0,2022-07-27 18:00:00,0
"645",19.918333333333,1,0,2022-07-27 19:00:00,0
"646",18.358333333333,1,0,2022-07-27 20:00:00,0
"647",16.085,1,0,2022-07-27 21:00:00,0
"648",13.558333333333,1,0,2022-07-27 22:00:00,0
"649",11.416666666667,1,0,2022-07-27 23:00:00,0
"650",10.321666666667,1,0,2022-07-28 00:00:00,0
"651",10.628333333333,1,0,2022-07-28 01:00:00,0
"652",10.473333333333,1,0,2022-07-28 02:00:00,0
"653",9.6966666666667,1,0,2022-07-28 03:00:00,0
"654",8.795,1,0,2022-07-28 04:00:00,0
"655",8.235,1,0,2022-07-28 05:00:00,0
"656",8.355,1,0,2022-07-28 06:00:00,0
"657",9.9266666666667,1,0,2022-07-28 07:00:00,0
"658",12.456666666667,1,0,2022-07-28 08:00:00,0
"659",16.276666666667,1,0,2022-07-28 09:00:00,0
"660",18.615,1,0,2022-07-28 10:00:00,0
"661",20.598333333333,1,0,2022-07-28 11:00:00,0
"662",22.366666666667,1,0,2022-07-28 12:00:00,0
"663",22.695,1,0,2022-07-28 13:00:00,0
"664",23.415,1,0,2022-07-28 14:00:00,0
"665",23.806666666667,1,0,2022-07-28 15:00:00,0
"666",24.61,1,0,2022-07-28 16:00:00,0
"667",23.981666666667,1,0,2022-07-28 17:00:00,0
"668",23.886666666667,1,0,2022-07-28 18:00:00,0
"669",23.213333333333,1,0,2022-07-28 19:00:00,0
"670",22.071666666667,1,0,2022-07-28 20:00:00,0
"671",19.575,1,0,2022-07-28 21:00:00,0
"672",16.905,1,0,2022-07-28 22:00:00,0
"673",16.1,1,0,2022-07-28 23:00:00,0
"674",15.766666666667,1,0,2022-07-29 00:00:00,0
"675",15.683333333333,1,0,2022-07-29 01:00:00,0
"676",15.153333333333,1,0,2022-07-29 02:00:00,0
"677",14.596666666667,1,0,2022-07-29 03:00:00,0
"678",14.7,1,0,2022-07-29 04:00:00,0
"679",15.618333333333,1,0,2022-07-29 05:00:00,0
"680",15.493333333333,1,0,2022-07-29 06:00:00,0
"681",15.611666666667,1,0,2022-07-29 07:00:00,0
"682",14.401666666667,1,0,2022-07-29 08:00:00,0
"683",14.306666666667,1,0,2022-07-29 09:00:00,0
"684",17.376666666667,1,0,2022-07-29 10:00:00,0
"685",20.25,1,0,2022-07-29 11:00:00,0
"686",22.583333333333,1,0,2022-07-29 12:00:00,0
"687",23.466666666667,1,0,2022-07-29 13:00:00,0
"688",23.885,1,0,2022-07-29 14:00:00,0
"689",24.871666666667,1,0,2022-07-29 15:00:00,0
"690",25.031666666667,1,0,2022-07-29 16:00:00,0
"691",24.82,1,0,2022-07-29 17:00:00,0
"692",24.971666666667,1,0,2022-07-29 18:00:00,0
"693",24.127586206896,1,0,2022-07-29 19:00:00,0
"694",22.218333333333,1,0,2022-07-29 20:00:00,0
"695",20.154237288136,1,0,2022-07-29 21:00:00,0
"696",18.541071428571,1,0,2022-07-29 22:00:00,0
"697",16.815,1,0,2022-07-29 23:00:00,0
"698",17.461666666667,1,0,2022-07-30 00:00:00,0
"699",15.65,1,0,2022-07-30 01:00:00,0
"700",14.835,1,0,2022-07-30 02:00:00,0
"701",15.821666666667,1,0,2022-07-30 03:00:00,0
"702",15.526666666667,1,0,2022-07-30 04:00:00,0
"703",14.646666666667,1,0,2022-07-30 05:00:00,0
"704",13.95,1,0,2022-07-30 06:00:00,0
"705",15.056666666667,1,0,2022-07-30 07:00:00,0
"706",17.14,1,0,2022-07-30 08:00:00,0
"707",19.355,1,0,2022-07-30 09:00:00,0
"708",19.78,1,0,2022-07-30 10:00:00,0
"709",20.74,1,0,2022-07-30 11:00:00,0
"710",22.393333333333,1,0,2022-07-30 12:00:00,0
"711",23.3,1,0,2022-07-30 13:00:00,0
"712",24.275,1,0,2022-07-30 14:00:00,0
"713",24.585,1,0,2022-07-30 15:00:00,0
"714",25.138333333333,1,0,2022-07-30 16:00:00,0
"715",25.74,1,0,2022-07-30 17:00:00,0
"716",25.478333333333,1,0,2022-07-30 18:00:00,0
"717",25.473333333333,1,0,2022-07-30 19:00:00,0
"718",23.43,1,0,2022-07-30 20:00:00,0
"719",21.326666666667,1,0,2022-07-30 21:00:00,0
"720",20.006666666667,1,0,2022-07-30 22:00:00,0
"721",18.85,1,0,2022-07-30 23:00:00,0
"722",18.335,1,0,2022-07-31 00:00:00,0
"723",17.906666666667,1,0,2022-07-31 01:00:00,0
"724",17.493333333333,1,0,2022-07-31 02:00:00,0
"725",17.355,1,0,2022-07-31 03:00:00,0
"726",17.446666666667,1,0,2022-07-31 04:00:00,0
"727",17.911666666667,1,0,2022-07-31 05:00:00,0
"728",18.246666666667,1,0,2022-07-31 06:00:00,0
"729",18.681666666667,1,0,2022-07-31 07:00:00,0
"730",19.565,1,0,2022-07-31 08:00:00,0
"731",20.048333333333,1,0,2022-07-31 09:00:00,0
"732",20.6,1,0,2022-07-31 10:00:00,0
"733",21.85,1,0,2022-07-31 11:00:00,0
"734",24.126666666667,1,0,2022-07-31 12:00:00,0
"735",25.341666666667,1,0,2022-07-31 13:00:00,0
"736",26.223333333333,1,0,2022-07-31 14:00:00,0
"737",26.46,1,0,2022-07-31 15:00:00,0
"738",26.163333333333,1,0,2022-07-31 16:00:00,0
"739",25.813333333333,1,0,2022-07-31 17:00:00,0
"740",25.445,1,0,2022-07-31 18:00:00,0
"741",24.636666666667,1,0,2022-07-31 19:00:00,0
"742",23.971666666667,1,0,2022-07-31 20:00:00,0
"743",22.625,1,0,2022-07-31 21:00:00,0
