"Month","Tmin","Tmax","CP"
10,-20,-15,7.60483222365711e-13
10,-20,-14,4.16692401659673e-12
10,-20,-13,2.27014932748182e-11
10,-20,-12,1.22471865019174e-10
10,-20,-11,6.52811236732988e-10
10,-20,-10,3.43387199181474e-09
10,-20,-9,1.78146872220241e-08
10,-20,-8,9.11373166312405e-08
10,-20,-7,4.59800299620333e-07
10,-20,-6,2.28815689326574e-06
10,-20,-5,1.12347212857995e-05
10,-20,-4,5.44393660045757e-05
10,-20,-3,0.000260275140552178
10,-20,-2,0.00122660083697128
10,-20,-1,0.00566652369146301
10,-20,0,0.0250451344936443
10,-20,1,0.0967362052840839
10,-20,2,0.262655993417778
10,-20,3,0.427070919141892
10,-20,4,0.455823647074713
10,-20,5,0.471262279324522
10,-20,6,0.494072652435067
10,-20,7,0.507197369747452
10,-20,8,0.515019313998255
10,-20,9,0.520208188614179
10,-20,10,0.529586482150739
10,-20,11,0.528461939202215
10,-20,12,0.529728580685433
10,-20,13,0.510392909352996
10,-20,14,0.510093313667752
10,-20,15,0.498793851075666
10,-20,16,0.491159762897764
10,-20,17,0.480839750618028
10,-20,18,0.433292452303267
10,-20,19,0.467672369414215
10,-20,20,0.320395548169448
10,-20,21,0.196785454814249
10,-20,22,0.0761142179565529
10,-20,23,0
10,-20,24,0
10,-20,25,0
10,-20,26,0
10,-20,27,0
10,-20,28,0
10,-20,29,0
10,-20,30,0
10,-19,-15,8.36701008815864e-13
10,-19,-14,4.47787804729566e-12
10,-19,-13,2.40270589866597e-11
10,-19,-12,1.2826009160257e-10
10,-19,-11,6.78467939753426e-10
10,-19,-10,3.54887618367672e-09
10,-19,-9,1.83351765375302e-08
10,-19,-8,9.35135747285162e-08
10,-19,-7,4.70732319624965e-07
10,-19,-6,2.33877636754288e-06
10,-19,-5,1.14703844066006e-05
10,-19,-4,5.55263492569353e-05
10,-19,-3,0.000265299948918413
10,-19,-2,0.0012497058753717
10,-19,-1,0.00577153996224127
10,-19,0,0.0255079645330655
10,-19,1,0.0985762835817578
10,-19,2,0.268029672091559
10,-19,3,0.436090149209664
10,-19,4,0.464949960118649
10,-19,5,0.482316266460142
10,-19,6,0.502712303262804
10,-19,7,0.515871114276579
10,-19,8,0.525721873955567
10,-19,9,0.527626332490675
10,-19,10,0.533821052086336
10,-19,11,0.540088644462819
10,-19,12,0.53735789136574
10,-19,13,0.511907613826343
10,-19,14,0.507096258098123
10,-19,15,0.506152383289855
10,-19,16,0.502603792445098
10,-19,17,0.480252049741934
10,-19,18,0.435860601926539
10,-19,19,0.453315335616258
10,-19,20,0.348925152810491
10,-19,21,0.208183352024274
10,-19,22,0.0711688302207308
10,-19,23,0
10,-19,24,0
10,-19,25,0
10,-19,26,0
10,-19,27,0
10,-19,28,0
10,-19,29,0
10,-19,30,0
10,-18,-15,9.54003700533307e-13
10,-18,-14,4.9023754010311e-12
10,-18,-13,2.57041719543785e-11
10,-18,-12,1.35211609689172e-10
10,-18,-11,7.0811291787199e-10
10,-18,-10,3.67778378623348e-09
10,-18,-9,1.89043828624284e-08
10,-18,-8,9.60611473036867e-08
10,-18,-7,4.8226910507762e-07
10,-18,-6,2.39158496108276e-06
10,-18,-5,1.17116598910407e-05
10,-18,-4,5.66358100180451e-05
10,-18,-3,0.000270401677653962
10,-18,-2,0.00127307660982919
10,-18,-1,0.00587754490517849
10,-18,0,0.0259752077496329
10,-18,1,0.100441960388184
10,-18,2,0.273531975742392
10,-18,3,0.445349021748725
10,-18,4,0.474214613763791
10,-18,5,0.491730784545012
10,-18,6,0.510881614572295
10,-18,7,0.522712700461121
10,-18,8,0.535599854529
10,-18,9,0.539226043798882
10,-18,10,0.551051341961777
10,-18,11,0.547453403204293
10,-18,12,0.546097402123577
10,-18,13,0.54180729183771
10,-18,14,0.529785270589252
10,-18,15,0.521152523659198
10,-18,16,0.51081158690864
10,-18,17,0.475360615117547
10,-18,18,0.451359285057851
10,-18,19,0.417209569933555
10,-18,20,0.362191818500048
10,-18,21,0.209935042331915
10,-18,22,0.0829843838783133
10,-18,23,0.0126370359028989
10,-18,24,0
10,-18,25,0
10,-18,26,0
10,-18,27,0
10,-18,28,0
10,-18,29,0
10,-18,30,0
10,-17,-15,1.17539159557048e-12
10,-17,-14,5.56375054977973e-12
10,-17,-13,2.80191594850788e-11
10,-17,-12,1.44093002009675e-10
10,-17,-11,7.44021910601067e-10
10,-17,-10,3.82782820129891e-09
10,-17,-9,1.9546588990339e-08
10,-17,-8,9.88625896941315e-08
10,-17,-7,4.94702026687401e-07
10,-17,-6,2.44713166805501e-06
10,-17,-5,1.19627856891659e-05
10,-17,-4,5.77782046948734e-05
10,-17,-3,0.000275611279662651
10,-17,-2,0.00129679994013075
10,-17,-1,0.00598474499444592
10,-17,0,0.0264471620769118
10,-17,1,0.102332983637345
10,-17,2,0.279162951730626
10,-17,3,0.454768974946333
10,-17,4,0.482915911414749
10,-17,5,0.504152882422608
10,-17,6,0.517250561658008
10,-17,7,0.535717652494951
10,-17,8,0.544183413087585
10,-17,9,0.550099428559395
10,-17,10,0.56082185860075
10,-17,11,0.559368697030197
10,-17,12,0.544502305624816
10,-17,13,0.550488257623101
10,-17,14,0.533073746768629
10,-17,15,0.529357579197614
10,-17,16,0.516059758898072
10,-17,17,0.475809380154581
10,-17,18,0.452881200095314
10,-17,19,0.422380135096659
10,-17,20,0.393475620635618
10,-17,21,0.22956158595975
10,-17,22,0.0921403273881799
10,-17,23,0.0253416448825695
10,-17,24,0
10,-17,25,0
10,-17,26,0
10,-17,27,0
10,-17,28,0
10,-17,29,0
10,-17,30,0
10,-16,-15,1.72518885275854e-12
10,-16,-14,6.82732477108998e-12
10,-16,-13,3.16748878342387e-11
10,-16,-12,1.56506939779072e-10
10,-16,-11,7.9041619788332e-10
10,-16,-10,4.0114364099322e-09
10,-16,-9,2.0301417713578e-08
10,-16,-8,1.02047296963734e-07
10,-16,-7,5.08386696886825e-07
10,-16,-6,2.50704070779197e-06
10,-16,-5,1.22286360139611e-05
10,-16,-4,5.89693577893852e-05
10,-16,-3,0.000280979309506755
10,-16,-2,0.0013210299996196
10,-16,-1,0.00609356985600437
10,-16,0,0.0269248061262447
10,-16,1,0.104250655758489
10,-16,2,0.284924264168979
10,-16,3,0.46443890150139
10,-16,4,0.492675027012628
10,-16,5,0.514032748845518
10,-16,6,0.525248647918506
10,-16,7,0.549091121820746
10,-16,8,0.552019683465369
10,-16,9,0.563972366748219
10,-16,10,0.570431934321227
10,-16,11,0.563610297487573
10,-16,12,0.560105655283488
10,-16,13,0.560012418376164
10,-16,14,0.54708294975401
10,-16,15,0.538930405052769
10,-16,16,0.506317496574642
10,-16,17,0.488369787963896
10,-16,18,0.460012602475635
10,-16,19,0.427172632029597
10,-16,20,0.391617574775863
10,-16,21,0.252668572835773
10,-16,22,0.119826397946436
10,-16,23,0.0258139189345821
10,-16,24,0
10,-16,25,0
10,-16,26,0
10,-16,27,0
10,-16,28,0
10,-16,29,0
10,-16,30,0
10,-15,-15,3.52098404867801e-12
10,-15,-14,9.98304083025544e-12
10,-15,-13,3.87450500854872e-11
10,-15,-12,1.76382756081584e-10
10,-15,-11,8.56120431917344e-10
10,-15,-10,4.25154712524719e-09
10,-15,-9,2.12326706473837e-08
10,-15,-8,1.05807040095447e-07
10,-15,-7,5.24014633192343e-07
10,-15,-6,2.57350314245048e-06
10,-15,-5,1.25164636082574e-05
10,-15,-4,6.0233306333579e-05
10,-15,-3,0.000286584323288498
10,-15,-2,0.00134601593271993
10,-15,-1,0.00620476551553658
10,-15,0,0.0274100971666894
10,-15,1,0.106198594212418
10,-15,2,0.290820184337047
10,-15,3,0.474280059225207
10,-15,4,0.507083551528644
10,-15,5,0.526370836366193
10,-15,6,0.53650423228946
10,-15,7,0.56055120184367
10,-15,8,0.560065981295155
10,-15,9,0.574850851253322
10,-15,10,0.581789172899203
10,-15,11,0.568783918352108
10,-15,12,0.573363684636803
10,-15,13,0.571239822799416
10,-15,14,0.563833363291953
10,-15,15,0.546047340764044
10,-15,16,0.516104496914509
10,-15,17,0.503011212790751
10,-15,18,0.468604276408084
10,-15,19,0.441871507251884
10,-15,20,0.398403961262958
10,-15,21,0.2448840815409
10,-15,22,0.136771120615355
10,-15,23,0.0420704866433761
10,-15,24,0
10,-15,25,0
10,-15,26,0
10,-15,27,0
10,-15,28,0
10,-15,29,0
10,-15,30,0
10,-14,-14,2.0241081787653e-11
10,-14,-13,5.64908707838154e-11
10,-14,-12,2.15256992028634e-10
10,-14,-11,9.62684008451279e-10
10,-14,-10,4.59536586083016e-09
10,-14,-9,2.24622977634434e-08
10,-14,-8,1.10492067901187e-07
10,-14,-7,5.42639290703974e-07
10,-14,-6,2.64987458149571e-06
10,-14,-5,1.28372222957388e-05
10,-14,-4,6.16061602661684e-05
10,-14,-3,0.000292544973892788
10,-14,-2,0.00137214115403909
10,-14,-1,0.00631952298488862
10,-14,0,0.0279063753225255
10,-14,1,0.108183759762597
10,-14,2,0.296858957096334
10,-14,3,0.484237068616736
10,-14,4,0.514775876678473
10,-14,5,0.536525023700768
10,-14,6,0.54875856295984
10,-14,7,0.572250756200343
10,-14,8,0.571328018585021
10,-14,9,0.586696942483929
10,-14,10,0.587830682920144
10,-14,11,0.574215688508053
10,-14,12,0.586820986167188
10,-14,13,0.584677572848688
10,-14,14,0.570754563037469
10,-14,15,0.54170446159727
10,-14,16,0.527228812350423
10,-14,17,0.504363954904392
10,-14,18,0.479997972764585
10,-14,19,0.444114637226013
10,-14,20,0.41268061526949
10,-14,21,0.292286613441598
10,-14,22,0.157045554490467
10,-14,23,0.0543308303065443
10,-14,24,0
10,-14,25,0
10,-14,26,0
10,-14,27,0
10,-14,28,0
10,-14,29,0
10,-14,30,0
10,-13,-13,1.1388521140226e-10
10,-13,-12,3.13198745435055e-10
10,-13,-11,1.17307041468963e-09
10,-13,-10,5.159100341498e-09
10,-13,-9,2.42422469941536e-08
10,-13,-8,1.16736047551163e-07
10,-13,-7,5.66035904120689e-07
10,-13,-6,2.74149575051392e-06
10,-13,-5,1.32077357161017e-05
10,-13,-4,6.31422626281967e-05
10,-13,-3,0.000299038476543439
10,-13,-2,0.00139998079675332
10,-13,-1,0.00643966015254843
10,-13,0,0.0284189211333433
10,-13,1,0.110217857121795
10,-13,2,0.303054681251865
10,-13,3,0.494357235078013
10,-13,4,0.522782838409561
10,-13,5,0.544860501472628
10,-13,6,0.560692316539925
10,-13,7,0.581574432895229
10,-13,8,0.582905958201463
10,-13,9,0.599487945156334
10,-13,10,0.59571175573947
10,-13,11,0.593574752783785
10,-13,12,0.597106586245903
10,-13,13,0.591857303389982
10,-13,14,0.574805613842125
10,-13,15,0.547481958521451
10,-13,16,0.543656057509064
10,-13,17,0.511431419102974
10,-13,18,0.485576371684367
10,-13,19,0.44538237984243
10,-13,20,0.4370148217257
10,-13,21,0.310204382613151
10,-13,22,0.173728780488611
10,-13,23,0.0692874782285465
10,-13,24,0
10,-13,25,0
10,-13,26,0
10,-13,27,0
10,-13,28,0
10,-13,29,0
10,-13,30,0
10,-12,-12,6.28235942335877e-10
10,-12,-11,1.70432048011912e-09
10,-12,-10,6.28068777408661e-09
10,-12,-9,2.71877699764716e-08
10,-12,-8,1.25856841025599e-07
10,-12,-7,5.9746383605838e-07
10,-12,-6,2.85736091292702e-06
10,-12,-5,1.36547324495944e-05
10,-12,-4,6.49248029040307e-05
10,-12,-3,0.00030633041910828
10,-12,-2,0.00143038962138062
10,-12,-1,0.0065678882347582
10,-12,0,0.0289557445069249
10,-12,1,0.11231927162988
10,-12,2,0.309429932652026
10,-12,3,0.504554072632322
10,-12,4,0.534300769173284
10,-12,5,0.555669649558948
10,-12,6,0.573404918525567
10,-12,7,0.591024927604571
10,-12,8,0.599290833544217
10,-12,9,0.610012307512401
10,-12,10,0.596757482092756
10,-12,11,0.611118312024509
10,-12,12,0.608493953910827
10,-12,13,0.597738300718074
10,-12,14,0.576108827893792
10,-12,15,0.564336695636018
10,-12,16,0.544382559084213
10,-12,17,0.517266724902982
10,-12,18,0.486909125919541
10,-12,19,0.432630707532469
10,-12,20,0.444878494103709
10,-12,21,0.305570717047086
10,-12,22,0.184778208905199
10,-12,23,0.0799580604400165
10,-12,24,0
10,-12,25,0
10,-12,26,0
10,-12,27,0
10,-12,28,0
10,-12,29,0
10,-12,30,0
10,-11,-11,3.40310425377476e-09
10,-11,-10,9.11586297803176e-09
10,-11,-9,3.30829114149046e-08
10,-11,-8,1.41061848042184e-07
10,-11,-7,6.43699319937541e-07
10,-11,-6,3.01399546223953e-06
10,-11,-5,1.42231844642227e-05
10,-11,-4,6.70856977190531e-05
10,-11,-3,0.000314826276876235
10,-11,-2,0.00146464423780005
10,-11,-1,0.00670822006706021
10,-11,0,0.0295287408242453
10,-11,1,0.114515832964426
10,-11,2,0.31602053742047
10,-11,3,0.514846435627778
10,-11,4,0.54571994708305
10,-11,5,0.569728147615506
10,-11,6,0.589559659763729
10,-11,7,0.597335651234603
10,-11,8,0.612168798672608
10,-11,9,0.620112656421103
10,-11,10,0.612240950881322
10,-11,11,0.623108876868839
10,-11,12,0.618849777955756
10,-11,13,0.599367290167117
10,-11,14,0.584735127463893
10,-11,15,0.576878117750129
10,-11,16,0.551250404620706
10,-11,17,0.524952639693882
10,-11,18,0.491736661985938
10,-11,19,0.434517108695919
10,-11,20,0.449739003214894
10,-11,21,0.320975260567977
10,-11,22,0.209918108190141
10,-11,23,0.0869615755742568
10,-11,24,0
10,-11,25,0
10,-11,26,0
10,-11,27,0
10,-11,28,0
10,-11,29,0
10,-11,30,0
10,-10,-10,1.81248597503519e-08
10,-10,-9,4.79818240106024e-08
10,-10,-8,1.71620383630092e-07
10,-10,-7,7.21223769803235e-07
10,-10,-6,3.24576159855925e-06
10,-10,-5,1.4995727082128e-05
10,-10,-4,6.98467716818035e-05
10,-10,-3,0.000325168129394871
10,-10,-2,0.00150468957181552
10,-10,-1,0.00686663184459349
10,-10,0,0.0301554765778455
10,-10,1,0.116849415395067
10,-10,2,0.322887456984278
10,-10,3,0.525152385103832
10,-10,4,0.556398956548557
10,-10,5,0.579772547454739
10,-10,6,0.60304492130373
10,-10,7,0.604631435620864
10,-10,8,0.626657338874187
10,-10,9,0.623877363313696
10,-10,10,0.631583679458865
10,-10,11,0.634044280429158
10,-10,12,0.626340046491861
10,-10,13,0.602941091373815
10,-10,14,0.598420479959005
10,-10,15,0.581937373408531
10,-10,16,0.553608784109526
10,-10,17,0.529844655856467
10,-10,18,0.486919581623943
10,-10,19,0.452498318646975
10,-10,20,0.464025492577427
10,-10,21,0.341210507067392
10,-10,22,0.221399191378519
10,-10,23,0.107254442792488
10,-10,24,0.0125272029961572
10,-10,25,0
10,-10,26,0
10,-10,27,0
10,-10,28,0
10,-10,29,0
10,-10,30,0
10,-9,-9,9.50105131118442e-08
10,-9,-8,2.48762744567177e-07
10,-9,-7,8.77489241987601e-07
10,-9,-6,3.63615143852906e-06
10,-9,-5,1.61442382743496e-05
10,-9,-4,7.3615783700449e-05
10,-9,-3,0.000338435529843296
10,-9,-2,0.00155360451826039
10,-9,-1,0.00705221836411812
10,-9,0,0.0308622728053818
10,-9,1,0.119384135645737
10,-9,2,0.33012396226582
10,-9,3,0.535571957493635
10,-9,4,0.565887966295675
10,-9,5,0.594234433258902
10,-9,6,0.619659522118998
10,-9,7,0.618902815756784
10,-9,8,0.63916898605366
10,-9,9,0.630749528657367
10,-9,10,0.648205104461086
10,-9,11,0.643158574090965
10,-9,12,0.634885380538618
10,-9,13,0.621044742602823
10,-9,14,0.613960662389556
10,-9,15,0.581884789687629
10,-9,16,0.558595215257899
10,-9,17,0.52167974955655
10,-9,18,0.489655961187097
10,-9,19,0.450527862125496
10,-9,20,0.475437305576462
10,-9,21,0.363867133171443
10,-9,22,0.228197424981582
10,-9,23,0.121044780459232
10,-9,24,0.0327963683167754
10,-9,25,0
10,-9,26,0
10,-9,27,0
10,-9,28,0
10,-9,29,0
10,-9,30,0
10,-8,-8,4.90593329929235e-07
10,-8,-7,1.27123959646027e-06
10,-8,-6,4.42466740562532e-06
10,-8,-5,1.80859605529991e-05
10,-8,-4,7.92411771657271e-05
10,-8,-3,0.000356614662248861
10,-8,-2,0.00161657902128853
10,-8,-1,0.00727941820847834
10,-8,0,0.0316895569358027
10,-8,1,0.122214568605713
10,-8,2,0.337781727755817
10,-8,3,0.54585023120074
10,-8,4,0.575854699474389
10,-8,5,0.605483818542675
10,-8,6,0.629744965711706
10,-8,7,0.631823131679076
10,-8,8,0.647405695443188
10,-8,9,0.647642834903524
10,-8,10,0.658047164108892
10,-8,11,0.653401222756032
10,-8,12,0.640125732711142
10,-8,13,0.638583524320381
10,-8,14,0.618700586346568
10,-8,15,0.585544253751818
10,-8,16,0.559027416814842
10,-8,17,0.531903989129487
10,-8,18,0.50220663786402
10,-8,19,0.469757442485982
10,-8,20,0.469631005535257
10,-8,21,0.353962616601103
10,-8,22,0.23671825593181
10,-8,23,0.135579330947416
10,-8,24,0.0456684268740722
10,-8,25,0
10,-8,26,0
10,-8,27,0
10,-8,28,0
10,-8,29,0
10,-8,30,0
10,-7,-7,2.49703103300108e-06
10,-7,-6,6.40692613594556e-06
10,-7,-5,2.20131456863033e-05
10,-7,-4,8.87805800769398e-05
10,-7,-3,0.000383842022925111
10,-7,-2,0.00170315778321228
10,-7,-1,0.00757253266826425
10,-7,0,0.0327004721837819
10,-7,1,0.125473407904153
10,-7,2,0.346112752154542
10,-7,3,0.555973248744579
10,-7,4,0.586180662136862
10,-7,5,0.606827793009371
10,-7,6,0.639995185662137
10,-7,7,0.647459395887464
10,-7,8,0.657000610269405
10,-7,9,0.665300744835182
10,-7,10,0.66839703762822
10,-7,11,0.659698674195862
10,-7,12,0.65533877919382
10,-7,13,0.646067743811259
10,-7,14,0.61083449366034
10,-7,15,0.586697544127181
10,-7,16,0.565140646411012
10,-7,17,0.546366083864804
10,-7,18,0.512312166253077
10,-7,19,0.482041258703666
10,-7,20,0.459850683489721
10,-7,21,0.350172096052586
10,-7,22,0.246527948107639
10,-7,23,0.133223505573174
10,-7,24,0.0535314067600361
10,-7,25,0
10,-7,26,0
10,-7,27,0
10,-7,28,0
10,-7,29,0
10,-7,30,0
10,-6,-6,1.2534465601864e-05
10,-6,-5,3.18593801014202e-05
10,-6,-4,0.000108090610920164
10,-6,-3,0.000430125599660183
10,-6,-2,0.00183314079816081
10,-6,-1,0.00797599127429215
10,-6,0,0.0339987047951084
10,-6,1,0.12936665401047
10,-6,2,0.35530330187956
10,-6,3,0.565574828354618
10,-6,4,0.596875775701135
10,-6,5,0.62597641474489
10,-6,6,0.645186771491082
10,-6,7,0.661145578847031
10,-6,8,0.661098457511573
10,-6,9,0.679953524933445
10,-6,10,0.675567164675298
10,-6,11,0.66950481725436
10,-6,12,0.669054481277094
10,-6,13,0.650995477620217
10,-6,14,0.618542291123712
10,-6,15,0.596198062841507
10,-6,16,0.582991293170057
10,-6,17,0.552547737139901
10,-6,18,0.524672434620651
10,-6,19,0.492720245289695
10,-6,20,0.461541497374536
10,-6,21,0.352487941265299
10,-6,22,0.258713085773749
10,-6,23,0.126314207992873
10,-6,24,0.0445780956728158
10,-6,25,0
10,-6,26,0
10,-6,27,0
10,-6,28,0
10,-6,29,0
10,-6,30,0
10,-5,-5,6.20800965265855e-05
10,-5,-4,0.000156356028834763
10,-5,-3,0.000523821847356703
10,-5,-2,0.00205433657636651
10,-5,-1,0.00858180146848411
10,-5,0,0.0357746108778372
10,-5,1,0.134240828549998
10,-5,2,0.365735198256546
10,-5,3,0.574850501263495
10,-5,4,0.610251743441403
10,-5,5,0.643939421088053
10,-5,6,0.65547439707395
10,-5,7,0.667469784127596
10,-5,8,0.682624683967969
10,-5,9,0.687618883368462
10,-5,10,0.680719811632667
10,-5,11,0.685312517939499
10,-5,12,0.673989349804451
10,-5,13,0.652102871316862
10,-5,14,0.625929696781525
10,-5,15,0.60708507233512
10,-5,16,0.59431890862575
10,-5,17,0.565192656099044
10,-5,18,0.53129149179213
10,-5,19,0.459322972912806
10,-5,20,0.463511782707019
10,-5,21,0.349495037787365
10,-5,22,0.251173320162536
10,-5,23,0.120474823582482
10,-5,24,0.0661304361791109
10,-5,25,0
10,-5,26,0
10,-5,27,0
10,-5,28,0
10,-5,29,0
10,-5,30,0
10,-4,-4,0.00030341654735145
10,-4,-3,0.000757168325973011
10,-4,-2,0.00250170377222001
10,-4,-1,0.00961187559722003
10,-4,0,0.0384245619755135
10,-4,1,0.140760929385491
10,-4,2,0.378049449258656
10,-4,3,0.584872817436525
10,-4,4,0.622857816217183
10,-4,5,0.660727027609869
10,-4,6,0.670068191818979
10,-4,7,0.669669931417986
10,-4,8,0.695342140250349
10,-4,9,0.696731322646948
10,-4,10,0.694911917563252
10,-4,11,0.695281314759762
10,-4,12,0.680841604447174
10,-4,13,0.663833917138779
10,-4,14,0.642097956788545
10,-4,15,0.619458702666686
10,-4,16,0.596376290142508
10,-4,17,0.565957026784091
10,-4,18,0.501415107244476
10,-4,19,0.471618949733646
10,-4,20,0.467342556084209
10,-4,21,0.345702308952276
10,-4,22,0.217158704910822
10,-4,23,0.131503866873353
10,-4,24,0.0777616727341009
10,-4,25,0
10,-4,26,0
10,-4,27,0
10,-4,28,0
10,-4,29,0
10,-4,30,0
10,-3,-3,0.00146245186267111
10,-3,-2,0.00361036107022243
10,-3,-1,0.0116877378287549
10,-3,0,0.0428948432517942
10,-3,1,0.150225031834835
10,-3,2,0.393369465139304
10,-3,3,0.594019579721088
10,-3,4,0.629330619943674
10,-3,5,0.67656219078752
10,-3,6,0.679640483241809
10,-3,7,0.694728710984354
10,-3,8,0.700088325746904
10,-3,9,0.701286417361637
10,-3,10,0.708219163583673
10,-3,11,0.698080744684474
10,-3,12,0.69105751927894
10,-3,13,0.680674863935802
10,-3,14,0.659625852360896
10,-3,15,0.627304370833827
10,-3,16,0.571547236117041
10,-3,17,0.540714588454187
10,-3,18,0.513355821327666
10,-3,19,0.46259392861086
10,-3,20,0.462894419399494
10,-3,21,0.319976018686765
10,-3,22,0.227902993078812
10,-3,23,0.153474740289265
10,-3,24,0.0801832624173788
10,-3,25,0
10,-3,26,0
10,-3,27,0
10,-3,28,0
10,-3,29,0
10,-3,30,0
10,-2,-2,0.00692292244176414
10,-2,-1,0.016778262136682
10,-2,0,0.0517740980319772
10,-2,1,0.165652565231275
10,-2,2,0.413872754589461
10,-2,3,0.601296865126595
10,-2,4,0.636641283016035
10,-2,5,0.678742649095467
10,-2,6,0.676442116879278
10,-2,7,0.705401737276106
10,-2,8,0.704551956908545
10,-2,9,0.709155334547648
10,-2,10,0.708873170888748
10,-2,11,0.708009717066766
10,-2,12,0.705389094092144
10,-2,13,0.690894448668459
10,-2,14,0.644698548261186
10,-2,15,0.593309602571484
10,-2,16,0.546310714017914
10,-2,17,0.544796655928597
10,-2,18,0.500181112404504
10,-2,19,0.465407164703472
10,-2,20,0.469999181211821
10,-2,21,0.334465130019661
10,-2,22,0.236156826741606
10,-2,23,0.158058222316342
10,-2,24,0.08097687444068
10,-2,25,0
10,-2,26,0
10,-2,27,0
10,-2,28,0
10,-2,29,0
10,-2,30,0
10,-1,-1,0.0315899315741219
10,-1,0,0.0728447224290637
10,-1,1,0.19473816548
10,-1,2,0.44420686933116
10,-1,3,0.610100242361579
10,-1,4,0.644504193990395
10,-1,5,0.698851213540771
10,-1,6,0.705068952653584
10,-1,7,0.711261736319481
10,-1,8,0.716511333565854
10,-1,9,0.71719042206478
10,-1,10,0.723773194234953
10,-1,11,0.726460036214834
10,-1,12,0.711619923494753
10,-1,13,0.671333253367801
10,-1,14,0.650998796653062
10,-1,15,0.589682681362175
10,-1,16,0.598216140016546
10,-1,17,0.543073731951515
10,-1,18,0.525907821359298
10,-1,19,0.464843861141158
10,-1,20,0.46724876162042
10,-1,21,0.318033393678346
10,-1,22,0.238822742435684
10,-1,23,0.164989072700611
10,-1,24,0.0736066183976672
10,-1,25,0
10,-1,26,0
10,-1,27,0
10,-1,28,0
10,-1,29,0
10,-1,30,0
10,0,0,0.129224741976858
10,0,1,0.257036680113911
10,0,2,0.494471096180974
10,0,3,0.623162713216305
10,0,4,0.659054405586031
10,0,5,0.70514553319157
10,0,6,0.714894724432059
10,0,7,0.72450484789785
10,0,8,0.724216791944088
10,0,9,0.736082021106242
10,0,10,0.740502995220313
10,0,11,0.720284231111671
10,0,12,0.696752583371315
10,0,13,0.68633726018804
10,0,14,0.66840442037824
10,0,15,0.627583358602166
10,0,16,0.577126741722674
10,0,17,0.515310524141731
10,0,18,0.495780260867665
10,0,19,0.473248172186821
10,0,20,0.439450107189418
10,0,21,0.306834634774212
10,0,22,0.237128110308548
10,0,23,0.147820941193944
10,0,24,0.0677115106111475
10,0,25,0
10,0,26,0
10,0,27,0
10,0,28,0
10,0,29,0
10,0,30,0
10,1,1,0.389420828083529
10,1,2,0.582077671431303
10,1,3,0.64209951031417
10,1,4,0.674852442152301
10,1,5,0.737416152292889
10,1,6,0.740851701478635
10,1,7,0.747381107374749
10,1,8,0.754136033062979
10,1,9,0.754679201237854
10,1,10,0.746257544225906
10,1,11,0.732910503682421
10,1,12,0.727942505000528
10,1,13,0.696127056571332
10,1,14,0.67272796121417
10,1,15,0.532895126187653
10,1,16,0.591795476179926
10,1,17,0.41347308430119
10,1,18,0.490264440993392
10,1,19,0.4415101142577
10,1,20,0.41710482467595
10,1,21,0.288125022405987
10,1,22,0.222485437353791
10,1,23,0.127412215284201
10,1,24,0.0505448390621184
10,1,25,0
10,1,26,0
10,1,27,0
10,1,28,0
10,1,29,0
10,1,30,0
10,2,2,0.650358636641485
10,2,3,0.660030941194595
10,2,4,0.691650126038272
10,2,5,0.754555279338168
10,2,6,0.762299850715645
10,2,7,0.772954515880857
10,2,8,0.769246165387633
10,2,9,0.76441796491028
10,2,10,0.765464284933842
10,2,11,0.763587969581775
10,2,12,0.739095794939959
10,2,13,0.722705632563936
10,2,14,0.691986654640872
10,2,15,0.628453896942755
10,2,16,0.602511806587065
10,2,17,0.553468386868431
10,2,18,0.360475306624036
10,2,19,0.369155735377658
10,2,20,0.318677414695832
10,2,21,0.287604730343724
10,2,22,0.198689733268765
10,2,23,0.0962788101367579
10,2,24,0.02776263605159
10,2,25,0
10,2,26,0
10,2,27,0
10,2,28,0
10,2,29,0
10,2,30,0
10,3,3,0.673855406191368
10,3,4,0.70421777440431
10,3,5,0.772272666099614
10,3,6,0.779469540598231
10,3,7,0.784497459225599
10,3,8,0.774121084975027
10,3,9,0.76210756002198
10,3,10,0.747327238657314
10,3,11,0.740385420252256
10,3,12,0.716941401898071
10,3,13,0.671448254292095
10,3,14,0.658994307259418
10,3,15,0.622453940537648
10,3,16,0.580104572404084
10,3,17,0.432290001821897
10,3,18,0.370079230473318
10,3,19,0.357386644148519
10,3,20,0.244116605074992
10,3,21,0.191806039001402
10,3,22,0.140271698888796
10,3,23,0.109954813960245
10,3,24,0
10,3,25,0
10,3,26,0
10,3,27,0
10,3,28,0
10,3,29,0
10,3,30,0
10,4,4,0.734461251188392
10,4,5,0.784117583297961
10,4,6,0.782520590849375
10,4,7,0.7844294362303
10,4,8,0.777271431421605
10,4,9,0.772069345716312
10,4,10,0.764834091797866
10,4,11,0.751381738863009
10,4,12,0.734198515254365
10,4,13,0.711147918696624
10,4,14,0.686706319184213
10,4,15,0.662207273022472
10,4,16,0.633031314884646
10,4,17,0.583596870301672
10,4,18,0.553007065008569
10,4,19,0.53452630222346
10,4,20,0.374144997684125
10,4,21,0.26310348141158
10,4,22,0.132299385008317
10,4,23,0.0812740265205789
10,4,24,0
10,4,25,0
10,4,26,0
10,4,27,0
10,4,28,0
10,4,29,0
10,4,30,0
10,5,5,0.803177024214958
10,5,6,0.817723946904199
10,5,7,0.825744823626251
10,5,8,0.827666653240788
10,5,9,0.825765907643815
10,5,10,0.824242948098577
10,5,11,0.818604922456229
10,5,12,0.80873946451836
10,5,13,0.78986730238832
10,5,14,0.752672157294191
10,5,15,0.713043158906699
10,5,16,0.666675978298962
10,5,17,0.588132299475159
10,5,18,0.534267065035926
10,5,19,0.432109948681633
10,5,20,0.294854863212088
10,5,21,0.212904184656363
10,5,22,0.118287878550313
10,5,23,0.02783018591873
10,5,24,0
10,5,25,0
10,5,26,0
10,5,27,0
10,5,28,0
10,5,29,0
10,5,30,0
10,6,6,0.83652178454714
10,6,7,0.84533362467383
10,6,8,0.845379436823513
10,6,9,0.842077045534747
10,6,10,0.836150176345796
10,6,11,0.825280198039386
10,6,12,0.808113775381056
10,6,13,0.776919235743472
10,6,14,0.734267822068839
10,6,15,0.705371206753696
10,6,16,0.622903457573103
10,6,17,0.573836127482405
10,6,18,0.523762115231362
10,6,19,0.378296043868324
10,6,20,0.280546240778695
10,6,21,0.17533219587723
10,6,22,0.0812790440214658
10,6,23,0
10,6,24,0
10,6,25,0
10,6,26,0
10,6,27,0
10,6,28,0
10,6,29,0
10,6,30,0
10,7,7,0.851993285569835
10,7,8,0.848090972717507
10,7,9,0.842418261345172
10,7,10,0.835444390863869
10,7,11,0.818847668034667
10,7,12,0.798350472570384
10,7,13,0.767129010192988
10,7,14,0.717937788566295
10,7,15,0.656710047614804
10,7,16,0.594443092764765
10,7,17,0.544250537912852
10,7,18,0.472523794655325
10,7,19,0.327062411423645
10,7,20,0.230810059711016
10,7,21,0.111155121747721
10,7,22,0
10,7,23,0
10,7,24,0
10,7,25,0
10,7,26,0
10,7,27,0
10,7,28,0
10,7,29,0
10,7,30,0
10,8,8,0.839579793175755
10,8,9,0.834964182021933
10,8,10,0.824157315676536
10,8,11,0.806989428185928
10,8,12,0.781378962803811
10,8,13,0.741405415692425
10,8,14,0.689741951014686
10,8,15,0.611668641920763
10,8,16,0.555275864625618
10,8,17,0.501530928019555
10,8,18,0.374176836856405
10,8,19,0.261833380868046
10,8,20,0.132017214173837
10,8,21,0.0151569470767403
10,8,22,0
10,8,23,0
10,8,24,0
10,8,25,0
10,8,26,0
10,8,27,0
10,8,28,0
10,8,29,0
10,8,30,0
10,9,9,0.828602678129884
10,9,10,0.806908754241138
10,9,11,0.789085117793307
10,9,12,0.757729761887574
10,9,13,0.703780130971395
10,9,14,0.646835481318821
10,9,15,0.564871627601388
10,9,16,0.504246741107954
10,9,17,0.419850507397475
10,9,18,0.282166594595922
10,9,19,0.142176858922401
10,9,20,0.00758014018952188
10,9,21,0
10,9,22,0
10,9,23,0
10,9,24,0
10,9,25,0
10,9,26,0
10,9,27,0
10,9,28,0
10,9,29,0
10,9,30,0
10,10,10,0.783244720619867
10,10,11,0.760790780653466
10,10,12,0.721831380462254
10,10,13,0.663440155383831
10,10,14,0.566554723524536
10,10,15,0.503798365762446
10,10,16,0.46024440938714
10,10,17,0.285046468553087
10,10,18,0.119104170287947
10,10,19,0
10,10,20,0
10,10,21,0
10,10,22,0
10,10,23,0
10,10,24,0
10,10,25,0
10,10,26,0
10,10,27,0
10,10,28,0
10,10,29,0
10,10,30,0
10,11,11,0.726289236770784
10,11,12,0.675329690971801
10,11,13,0.598425847756891
10,11,14,0.502736731638937
10,11,15,0.454481193412131
10,11,16,0.238397687679841
10,11,17,0.048031660461354
10,11,18,0
10,11,19,0
10,11,20,0
10,11,21,0
10,11,22,0
10,11,23,0
10,11,24,0
10,11,25,0
10,11,26,0
10,11,27,0
10,11,28,0
10,11,29,0
10,11,30,0
10,12,12,0.613674272128751
10,12,13,0.501252936423812
10,12,14,0.394838910904049
10,12,15,0.103794958893018
10,12,16,0
10,12,17,0
10,12,18,0
10,12,19,0
10,12,20,0
10,12,21,0
10,12,22,0
10,12,23,0
10,12,24,0
10,12,25,0
10,12,26,0
10,12,27,0
10,12,28,0
10,12,29,0
10,12,30,0
10,13,13,0
10,13,14,0
10,13,15,0
10,13,16,0
10,13,17,0
10,13,18,0
10,13,19,0
10,13,20,0
10,13,21,0
10,13,22,0
10,13,23,0
10,13,24,0
10,13,25,0
10,13,26,0
10,13,27,0
10,13,28,0
10,13,29,0
10,13,30,0
10,14,14,0
10,14,15,0
10,14,16,0
10,14,17,0
10,14,18,0
10,14,19,0
10,14,20,0
10,14,21,0
10,14,22,0
10,14,23,0
10,14,24,0
10,14,25,0
10,14,26,0
10,14,27,0
10,14,28,0
10,14,29,0
10,14,30,0
10,15,15,0
10,15,16,0
10,15,17,0
10,15,18,0
10,15,19,0
10,15,20,0
10,15,21,0
10,15,22,0
10,15,23,0
10,15,24,0
10,15,25,0
10,15,26,0
10,15,27,0
10,15,28,0
10,15,29,0
10,15,30,0
10,16,16,0
10,16,17,0
10,16,18,0
10,16,19,0
10,16,20,0
10,16,21,0
10,16,22,0
10,16,23,0
10,16,24,0
10,16,25,0
10,16,26,0
10,16,27,0
10,16,28,0
10,16,29,0
10,16,30,0
10,17,17,0
10,17,18,0
10,17,19,0
10,17,20,0
10,17,21,0
10,17,22,0
10,17,23,0
10,17,24,0
10,17,25,0
10,17,26,0
10,17,27,0
10,17,28,0
10,17,29,0
10,17,30,0
10,18,18,0
10,18,19,0
10,18,20,0
10,18,21,0
10,18,22,0
10,18,23,0
10,18,24,0
10,18,25,0
10,18,26,0
10,18,27,0
10,18,28,0
10,18,29,0
10,18,30,0
10,19,19,0
10,19,20,0
10,19,21,0
10,19,22,0
10,19,23,0
10,19,24,0
10,19,25,0
10,19,26,0
10,19,27,0
10,19,28,0
10,19,29,0
10,19,30,0
10,20,20,0
10,20,21,0
10,20,22,0
10,20,23,0
10,20,24,0
10,20,25,0
10,20,26,0
10,20,27,0
10,20,28,0
10,20,29,0
10,20,30,0
11,-20,-15,7.50820074685816e-13
11,-20,-14,4.11692730730323e-12
11,-20,-13,2.24453020562176e-11
11,-20,-12,1.21174192880566e-10
11,-20,-11,6.46319136663746e-10
11,-20,-10,3.40179547060897e-09
11,-20,-9,1.7658089017866e-08
11,-20,-8,9.03812573365857e-08
11,-20,-7,4.5618645268858e-07
11,-20,-6,2.27102467238564e-06
11,-20,-5,1.11538559016616e-05
11,-20,-4,5.40575944142675e-05
11,-20,-3,0.000258533439981787
11,-20,-2,0.00121872350078671
11,-20,-1,0.00563137776634039
11,-20,0,0.0248960465801381
11,-20,1,0.0962031909780479
11,-20,2,0.261459796151375
11,-20,3,0.425575105157748
11,-20,4,0.455498229634579
11,-20,5,0.470066016796807
11,-20,6,0.494072873156035
11,-20,7,0.50604694612625
11,-20,8,0.513422331958334
11,-20,9,0.520657363314062
11,-20,10,0.530348075609473
11,-20,11,0.526003085046908
11,-20,12,0.524477362752019
11,-20,13,0.504574093492985
11,-20,14,0.50948886403297
11,-20,15,0.500958989127104
11,-20,16,0.497107934578511
11,-20,17,0.488876633512784
11,-20,18,0.435709041160442
11,-20,19,0.465618009805179
11,-20,20,0.318737087657987
11,-20,21,0.19267386913102
11,-20,22,0.0942619325233505
11,-20,23,0
11,-20,24,0
11,-20,25,0
11,-20,26,0
11,-20,27,0
11,-20,28,0
11,-20,29,0
11,-20,30,0
11,-19,-15,8.27275326113502e-13
11,-19,-14,4.42990200468568e-12
11,-19,-13,2.3784476118743e-11
11,-19,-12,1.27042713265354e-10
11,-19,-11,6.72410309539374e-10
11,-19,-10,3.51900096105165e-09
11,-19,-9,1.81891320813727e-08
11,-19,-8,9.28055083541723e-08
11,-19,-7,4.67322989481749e-07
11,-19,-6,2.32242812189327e-06
11,-19,-5,1.13920101667885e-05
11,-19,-4,5.51642369764398e-05
11,-19,-3,0.000263619203795157
11,-19,-2,0.00124199592407207
11,-19,-1,0.00573688261370729
11,-19,0,0.0253599539855516
11,-19,1,0.0980431651589122
11,-19,2,0.266829478165443
11,-19,3,0.434609841834046
11,-19,4,0.464613350257843
11,-19,5,0.47963350526096
11,-19,6,0.502810911609853
11,-19,7,0.516269303586367
11,-19,8,0.522948836021293
11,-19,9,0.528792372555758
11,-19,10,0.534220197704234
11,-19,11,0.536613320418953
11,-19,12,0.531472691597299
11,-19,13,0.513064319558588
11,-19,14,0.508924535851811
11,-19,15,0.51098608267957
11,-19,16,0.510775394280134
11,-19,17,0.485659044373031
11,-19,18,0.436960758909812
11,-19,19,0.451547515844854
11,-19,20,0.351837762963236
11,-19,21,0.204837726921421
11,-19,22,0.0876099960502797
11,-19,23,0
11,-19,24,0
11,-19,25,0
11,-19,26,0
11,-19,27,0
11,-19,28,0
11,-19,29,0
11,-19,30,0
11,-18,-15,9.44916280387747e-13
11,-18,-14,4.85684130491494e-12
11,-18,-13,2.54772427094871e-11
11,-18,-12,1.34084162371844e-10
11,-18,-11,7.02532276666965e-10
11,-18,-10,3.6502857191031e-09
11,-18,-9,1.87695755841993e-08
11,-18,-8,9.54025790051727e-08
11,-18,-7,4.79062140187599e-07
11,-18,-6,2.37611943825206e-06
11,-18,-5,1.16380349974847e-05
11,-18,-4,5.62874379098864e-05
11,-18,-3,0.000268769280711778
11,-18,-2,0.00126552863556544
11,-18,-1,0.00584337046660267
11,-18,0,0.0258282191999455
11,-18,1,0.0999083999681244
11,-18,2,0.272326815279577
11,-18,3,0.443883579477818
11,-18,4,0.47491587154065
11,-18,5,0.491123092082181
11,-18,6,0.511131142967068
11,-18,7,0.522198404829256
11,-18,8,0.534180133759548
11,-18,9,0.539034388371271
11,-18,10,0.552183209556531
11,-18,11,0.54620232385423
11,-18,12,0.54199681117746
11,-18,13,0.53823806483768
11,-18,14,0.531930442770536
11,-18,15,0.52617624836339
11,-18,16,0.517688273235272
11,-18,17,0.47921355789633
11,-18,18,0.449733558589092
11,-18,19,0.408896965696843
11,-18,20,0.351405979701068
11,-18,21,0.206182270437403
11,-18,22,0.0935945496720866
11,-18,23,0.0126690283988556
11,-18,24,0
11,-18,25,0
11,-18,26,0
11,-18,27,0
11,-18,28,0
11,-18,29,0
11,-18,30,0
11,-17,-15,1.16689072127494e-12
11,-17,-14,5.52116946686582e-12
11,-17,-13,2.78096419441463e-11
11,-17,-12,1.4306256385745e-10
11,-17,-11,7.38945660461226e-10
11,-17,-10,3.80280155349834e-09
11,-17,-9,1.94230013086864e-08
11,-17,-8,9.82557871529633e-08
11,-17,-7,4.91711222103801e-07
11,-17,-6,2.4326206227184e-06
11,-17,-5,1.18927494038127e-05
11,-17,-4,5.74430510598978e-05
11,-17,-3,0.000274025795972705
11,-17,-2,0.00128940712176793
11,-17,-1,0.00595102138082994
11,-17,0,0.0263010518328056
11,-17,1,0.101798420186721
11,-17,2,0.277951519694767
11,-17,3,0.453336004844813
11,-17,4,0.482864972450468
11,-17,5,0.50181492315643
11,-17,6,0.517300599852621
11,-17,7,0.534619206502621
11,-17,8,0.542983682966656
11,-17,9,0.552941092197414
11,-17,10,0.559022365658907
11,-17,11,0.556347231565221
11,-17,12,0.539978886551027
11,-17,13,0.549195778395332
11,-17,14,0.540852511331753
11,-17,15,0.535659003980256
11,-17,16,0.521871550107777
11,-17,17,0.477833156352408
11,-17,18,0.450846247173826
11,-17,19,0.415382859242589
11,-17,20,0.382285857679633
11,-17,21,0.231848202174424
11,-17,22,0.101500242110469
11,-17,23,0.0254058009455634
11,-17,24,0
11,-17,25,0
11,-17,26,0
11,-17,27,0
11,-17,28,0
11,-17,29,0
11,-17,30,0
11,-16,-15,1.71812542729143e-12
11,-16,-14,6.78870463967659e-12
11,-16,-13,3.14844561804575e-11
11,-16,-12,1.5557728119442e-10
11,-16,-11,7.85851322637709e-10
11,-16,-10,3.98880474793355e-09
11,-16,-9,2.01884581169023e-08
11,-16,-8,1.01486641849553e-07
11,-16,-7,5.05616250168787e-07
11,-16,-6,2.49339896539934e-06
11,-16,-5,1.21619245953163e-05
11,-16,-4,5.86465105264696e-05
11,-16,-3,0.000279436937376472
11,-16,-2,0.00131377658178518
11,-16,-1,0.00606023298205443
11,-16,0,0.026779325447017
11,-16,1,0.103714264190019
11,-16,2,0.283704872237756
11,-16,3,0.463024250498263
11,-16,4,0.491839849225579
11,-16,5,0.513038389495632
11,-16,6,0.522886778220203
11,-16,7,0.548268487712321
11,-16,8,0.552178630498949
11,-16,9,0.564443968039122
11,-16,10,0.568163249797858
11,-16,11,0.559483991514671
11,-16,12,0.558174310426167
11,-16,13,0.561958317834651
11,-16,14,0.553926303143009
11,-16,15,0.545723239321153
11,-16,16,0.508561474821924
11,-16,17,0.486524834530153
11,-16,18,0.454011198438732
11,-16,19,0.419665569770119
11,-16,20,0.388600967051008
11,-16,21,0.259705580344025
11,-16,22,0.127584298683065
11,-16,23,0.0309482557687488
11,-16,24,0
11,-16,25,0
11,-16,26,0
11,-16,27,0
11,-16,28,0
11,-16,29,0
11,-16,30,0
11,-15,-15,3.51880763017042e-12
11,-15,-14,9.95173395929679e-12
11,-15,-13,3.85766955563789e-11
11,-15,-12,1.75553281221924e-10
11,-15,-11,8.52046879007816e-10
11,-15,-10,4.23115047410617e-09
11,-15,-9,2.11304304082419e-08
11,-15,-8,1.0529514663754e-07
11,-15,-7,5.21439261894644e-07
11,-15,-6,2.5606277692326e-06
11,-15,-5,1.24526816956007e-05
11,-15,-4,5.99211433977508e-05
11,-15,-3,0.000285078495888261
11,-15,-2,0.00133887586743306
11,-15,-1,0.00617171429320214
11,-15,0,0.0272648752813522
11,-15,1,0.105659241887814
11,-15,2,0.289590708909897
11,-15,3,0.472902402709826
11,-15,4,0.506260083847495
11,-15,5,0.525372586211242
11,-15,6,0.534844894090035
11,-15,7,0.561763241470332
11,-15,8,0.560632561891885
11,-15,9,0.576418955969892
11,-15,10,0.580539353148725
11,-15,11,0.566337714418874
11,-15,12,0.572240696780658
11,-15,13,0.573892048764019
11,-15,14,0.567259742165392
11,-15,15,0.551710122940615
11,-15,16,0.513866324488924
11,-15,17,0.500020467226243
11,-15,18,0.462230688949264
11,-15,19,0.4362426177681
11,-15,20,0.399365081414987
11,-15,21,0.252014551539925
11,-15,22,0.141000356749011
11,-15,23,0.0492277434142113
11,-15,24,0
11,-15,25,0
11,-15,26,0
11,-15,27,0
11,-15,28,0
11,-15,29,0
11,-15,30,0
11,-14,-14,2.02309272849584e-11
11,-14,-13,5.63562456391065e-11
11,-14,-12,2.14533706447125e-10
11,-14,-11,9.59068165174934e-10
11,-14,-10,4.57718729638089e-09
11,-14,-9,2.23696231283417e-08
11,-14,-8,1.10018679157726e-07
11,-14,-7,5.40222952899774e-07
11,-14,-6,2.63762289904633e-06
11,-14,-5,1.27757768002503e-05
11,-14,-4,6.13022578288435e-05
11,-14,-3,0.00029106604487798
11,-14,-2,0.00136507685731364
11,-14,-1,0.00628661455253148
11,-14,0,0.0277609025006854
11,-14,1,0.107639960597658
11,-14,2,0.295616783253668
11,-14,3,0.482917142846919
11,-14,4,0.513464218698726
11,-14,5,0.534443842267092
11,-14,6,0.544452776081936
11,-14,7,0.57215909251934
11,-14,8,0.57222567819407
11,-14,9,0.585404336485694
11,-14,10,0.583858348370341
11,-14,11,0.572851775718049
11,-14,12,0.586587307764198
11,-14,13,0.585768732190487
11,-14,14,0.574615207073934
11,-14,15,0.54300464540526
11,-14,16,0.524978652076475
11,-14,17,0.500339379715626
11,-14,18,0.472291591483543
11,-14,19,0.44237156815965
11,-14,20,0.415016090907305
11,-14,21,0.295496697697265
11,-14,22,0.161886058729726
11,-14,23,0.0668042120916761
11,-14,24,0
11,-14,25,0
11,-14,26,0
11,-14,27,0
11,-14,28,0
11,-14,29,0
11,-14,30,0
11,-13,-13,1.13839040869112e-10
11,-13,-12,3.12618053773349e-10
11,-13,-11,1.16987880204292e-09
11,-13,-10,5.14260651101151e-09
11,-13,-9,2.41567536676431e-08
11,-13,-8,1.16291761255172e-07
11,-13,-7,5.63733868115839e-07
11,-13,-6,2.72967398978066e-06
11,-13,-5,1.31478162650253e-05
11,-13,-4,6.28433351208983e-05
11,-13,-3,0.000297573460520867
11,-13,-2,0.00139294204908824
11,-13,-1,0.00640670541198603
11,-13,0,0.0282725319585912
11,-13,1,0.10966772334885
11,-13,2,0.301796642620951
11,-13,3,0.493089876545921
11,-13,4,0.521109270753674
11,-13,5,0.545865062144844
11,-13,6,0.557208882853733
11,-13,7,0.580448444421504
11,-13,8,0.584351588692416
11,-13,9,0.596230375970499
11,-13,10,0.5924487529955
11,-13,11,0.593496984858356
11,-13,12,0.597837189727993
11,-13,13,0.594977550722992
11,-13,14,0.579133582055039
11,-13,15,0.54723684619756
11,-13,16,0.539242227068529
11,-13,17,0.505338351966828
11,-13,18,0.482871742134427
11,-13,19,0.448092846615263
11,-13,20,0.444894206221318
11,-13,21,0.318079929826444
11,-13,22,0.182383331839637
11,-13,23,0.0871042407535022
11,-13,24,0
11,-13,25,0
11,-13,26,0
11,-13,27,0
11,-13,28,0
11,-13,29,0
11,-13,30,0
11,-12,-12,6.28029969213788e-10
11,-12,-11,1.70168635218971e-09
11,-12,-10,6.26557430400676e-09
11,-12,-9,2.71069391841848e-08
11,-12,-8,1.25429125929243e-07
11,-12,-7,5.95219051989661e-07
11,-12,-6,2.84572158811666e-06
11,-12,-5,1.35953055945936e-05
11,-12,-4,6.46266651193902e-05
11,-12,-3,0.00030486279112512
11,-12,-2,0.0014233126166997
11,-12,-1,0.00653464768390874
11,-12,0,0.0288076012752992
11,-12,1,0.1117604629294
11,-12,2,0.308152220898063
11,-12,3,0.503375760953495
11,-12,4,0.532368972892388
11,-12,5,0.557128466212076
11,-12,6,0.570132716503036
11,-12,7,0.591924868603349
11,-12,8,0.599427337620264
11,-12,9,0.60605695971304
11,-12,10,0.596605660542895
11,-12,11,0.610263878077964
11,-12,12,0.609493675877214
11,-12,13,0.60085712838648
11,-12,14,0.575904694406751
11,-12,15,0.562786693073505
11,-12,16,0.53743439859695
11,-12,17,0.512029012077299
11,-12,18,0.48805121033098
11,-12,19,0.436081493408379
11,-12,20,0.449999407923853
11,-12,21,0.316140623105042
11,-12,22,0.20127053706364
11,-12,23,0.10307957169257
11,-12,24,0
11,-12,25,0
11,-12,26,0
11,-12,27,0
11,-12,28,0
11,-12,29,0
11,-12,30,0
11,-11,-11,3.40219864508907e-09
11,-11,-10,9.10287705165093e-09
11,-11,-9,3.30051203977718e-08
11,-11,-8,1.40637436607919e-07
11,-11,-7,6.41445429064452e-07
11,-11,-6,3.00224262515292e-06
11,-11,-5,1.41630000731171e-05
11,-11,-4,6.67832552232121e-05
11,-11,-3,0.00031333583840656
11,-11,-2,0.00145745077603055
11,-11,-1,0.00667439985347619
11,-11,0,0.0293778167002545
11,-11,1,0.113945479475449
11,-11,2,0.314717461113857
11,-11,3,0.513818672051572
11,-11,4,0.54360349687128
11,-11,5,0.568851996796377
11,-11,6,0.586105588669967
11,-11,7,0.597127453635107
11,-11,8,0.612832948019443
11,-11,9,0.617615698210232
11,-11,10,0.610305413240165
11,-11,11,0.624344706117895
11,-11,12,0.620939508955082
11,-11,13,0.601771193531039
11,-11,14,0.58534409665416
11,-11,15,0.57261589064002
11,-11,16,0.546447078055178
11,-11,17,0.523313899459439
11,-11,18,0.491916754760047
11,-11,19,0.44058288691628
11,-11,20,0.457960581764261
11,-11,21,0.332681788167403
11,-11,22,0.222228662634554
11,-11,23,0.112840863589148
11,-11,24,0
11,-11,25,0
11,-11,26,0
11,-11,27,0
11,-11,28,0
11,-11,29,0
11,-11,30,0
11,-10,-10,1.81209258276439e-08
11,-10,-9,4.79127282324758e-08
11,-10,-8,1.71194182245412e-07
11,-10,-7,7.18898416889582e-07
11,-10,-6,3.23357286896889e-06
11,-10,-5,1.49333562738485e-05
11,-10,-4,6.95340715921438e-05
11,-10,-3,0.000323630988120838
11,-10,-2,0.00149728626212952
11,-10,-1,0.00683187982560476
11,-10,0,0.0300005255779193
11,-10,1,0.116263447563715
11,-10,2,0.32154389379324
11,-10,3,0.524226348027313
11,-10,4,0.554138945837226
11,-10,5,0.582472213360048
11,-10,6,0.601519728138103
11,-10,7,0.606784514804427
11,-10,8,0.625345922498695
11,-10,9,0.621347270351508
11,-10,10,0.630464432381138
11,-10,11,0.63451116911601
11,-10,12,0.628742591782142
11,-10,13,0.601307695545703
11,-10,14,0.598607714270859
11,-10,15,0.577168523030573
11,-10,16,0.554366331705368
11,-10,17,0.532451361419569
11,-10,18,0.489577261674244
11,-10,19,0.459825544852681
11,-10,20,0.472725791307528
11,-10,21,0.348380724969024
11,-10,22,0.230969753151839
11,-10,23,0.125990171393184
11,-10,24,0.0125589174341221
11,-10,25,0
11,-10,26,0
11,-10,27,0
11,-10,28,0
11,-10,29,0
11,-10,30,0
11,-9,-9,9.49936144192577e-08
11,-9,-8,2.48377862187829e-07
11,-9,-7,8.7509221599834e-07
11,-9,-6,3.62326703758123e-06
11,-9,-5,1.60782128996495e-05
11,-9,-4,7.32862058332194e-05
11,-9,-3,0.000336824192262587
11,-9,-2,0.00154588017374886
11,-9,-1,0.00701611423420683
11,-9,0,0.0307016723392143
11,-9,1,0.11877480443074
11,-9,2,0.328715330517243
11,-9,3,0.534744035649417
11,-9,4,0.563979209188865
11,-9,5,0.594466888763167
11,-9,6,0.61871988874996
11,-9,7,0.619438711598417
11,-9,8,0.636256681126655
11,-9,9,0.629872273163226
11,-9,10,0.648621422169685
11,-9,11,0.643801026360033
11,-9,12,0.635027720089477
11,-9,13,0.619744404829408
11,-9,14,0.608818123112648
11,-9,15,0.581324284800737
11,-9,16,0.55935730277536
11,-9,17,0.52368336531257
11,-9,18,0.495712047661695
11,-9,19,0.45813232203797
11,-9,20,0.483065850070866
11,-9,21,0.36757256668632
11,-9,22,0.22918327195558
11,-9,23,0.140851385324493
11,-9,24,0.0328793970973242
11,-9,25,0
11,-9,26,0
11,-9,27,0
11,-9,28,0
11,-9,29,0
11,-9,30,0
11,-8,-8,4.90521509765337e-07
11,-8,-7,1.26907270104927e-06
11,-8,-6,4.41121608359068e-06
11,-8,-5,1.80152519956148e-05
11,-8,-4,7.88881849290674e-05
11,-8,-3,0.000354898156307351
11,-8,-2,0.00160839027574435
11,-8,-1,0.00724143685907193
11,-8,0,0.0315213879432304
11,-8,1,0.121572238272779
11,-8,2,0.336363952192426
11,-8,3,0.545048118374126
11,-8,4,0.574207391348091
11,-8,5,0.604662279026696
11,-8,6,0.629516050223022
11,-8,7,0.633763610356666
11,-8,8,0.642924251093385
11,-8,9,0.650239711808785
11,-8,10,0.659876425454803
11,-8,11,0.65455589694171
11,-8,12,0.638116566783208
11,-8,13,0.635640107846661
11,-8,14,0.617868244183798
11,-8,15,0.58659234256484
11,-8,16,0.561786879731973
11,-8,17,0.53695432530836
11,-8,18,0.508249713058349
11,-8,19,0.476132646615408
11,-8,20,0.470969130070799
11,-8,21,0.351528077588906
11,-8,22,0.232895383138437
11,-8,23,0.156762030302492
11,-8,24,0.050856052960298
11,-8,25,0
11,-8,26,0
11,-8,27,0
11,-8,28,0
11,-8,29,0
11,-8,30,0
11,-7,-7,2.49672906642542e-06
11,-7,-6,6.39487336830315e-06
11,-7,-5,2.19392606927088e-05
11,-7,-4,8.84006876865201e-05
11,-7,-3,0.000381991795545687
11,-7,-2,0.00169433532840217
11,-7,-1,0.00753211065841487
11,-7,0,0.0325229279777846
11,-7,1,0.124796930011162
11,-7,2,0.344609646448408
11,-7,3,0.555144724956018
11,-7,4,0.58508670137997
11,-7,5,0.604284542626869
11,-7,6,0.64167488582489
11,-7,7,0.647304742718118
11,-7,8,0.654103835960484
11,-7,9,0.667041203449504
11,-7,10,0.66684410789424
11,-7,11,0.658035530039535
11,-7,12,0.65288705082505
11,-7,13,0.644399377470336
11,-7,14,0.613922488209548
11,-7,15,0.587606388776472
11,-7,16,0.567354601117138
11,-7,17,0.550490014182771
11,-7,18,0.517014830443696
11,-7,19,0.481418086973816
11,-7,20,0.459000905595712
11,-7,21,0.348926815264497
11,-7,22,0.238654563588527
11,-7,23,0.152162079723648
11,-7,24,0.0612725373016183
11,-7,25,0
11,-7,26,0
11,-7,27,0
11,-7,28,0
11,-7,29,0
11,-7,30,0
11,-6,-6,1.25332088891775e-05
11,-6,-5,3.17937811677661e-05
11,-6,-4,0.000107693936662547
11,-6,-3,0.00042813217756809
11,-6,-2,0.00182356791307715
11,-6,-1,0.00793261406283467
11,-6,0,0.0338098947236788
11,-6,1,0.128658839043568
11,-6,2,0.353740058763342
11,-6,3,0.56466608276238
11,-6,4,0.597167352741146
11,-6,5,0.622973491352555
11,-6,6,0.646756649198042
11,-6,7,0.657288936417056
11,-6,8,0.662206483451367
11,-6,9,0.681058646263175
11,-6,10,0.675298702528702
11,-6,11,0.665717452050097
11,-6,12,0.667406436621191
11,-6,13,0.653236087678441
11,-6,14,0.621887643506378
11,-6,15,0.59963693913683
11,-6,16,0.586197140204842
11,-6,17,0.554290969656329
11,-6,18,0.52492526007608
11,-6,19,0.492453259442354
11,-6,20,0.459091239102334
11,-6,21,0.35152715041026
11,-6,22,0.247192787456247
11,-6,23,0.142035061485055
11,-6,24,0.054855865690819
11,-6,25,0
11,-6,26,0
11,-6,27,0
11,-6,28,0
11,-6,29,0
11,-6,30,0
11,-5,-5,6.20749198690752e-05
11,-5,-4,0.000156008387790134
11,-5,-3,0.000521753165901473
11,-5,-2,0.00204404136842547
11,-5,-1,0.00853506132513098
11,-5,0,0.0355723296085736
11,-5,1,0.133504556067402
11,-5,2,0.364144009719339
11,-5,3,0.574300412174537
11,-5,4,0.610472408733139
11,-5,5,0.640557652476041
11,-5,6,0.658302763825263
11,-5,7,0.66292593429303
11,-5,8,0.683761398108293
11,-5,9,0.690730792658719
11,-5,10,0.677271956897912
11,-5,11,0.681468009363072
11,-5,12,0.676948322516053
11,-5,13,0.656371254449779
11,-5,14,0.628938071618403
11,-5,15,0.609552433947722
11,-5,16,0.594176665183224
11,-5,17,0.563396478316665
11,-5,18,0.532340543210946
11,-5,19,0.462034661432346
11,-5,20,0.463081516962489
11,-5,21,0.349738150965588
11,-5,22,0.241784032436208
11,-5,23,0.13690805998348
11,-5,24,0.0790341088667425
11,-5,25,0
11,-5,26,0
11,-5,27,0
11,-5,28,0
11,-5,29,0
11,-5,30,0
11,-4,-4,0.000303395446670008
11,-4,-3,0.000755377710696701
11,-4,-2,0.00249109880094987
11,-4,-1,0.00956185158196026
11,-4,0,0.0382073480924174
11,-4,1,0.139978488254179
11,-4,2,0.376389834431935
11,-4,3,0.584728072550832
11,-4,4,0.622461892000469
11,-4,5,0.659973092670202
11,-4,6,0.671378120972212
11,-4,7,0.667774945754101
11,-4,8,0.697672838229412
11,-4,9,0.694416632656424
11,-4,10,0.692286696270095
11,-4,11,0.695419227188884
11,-4,12,0.685512435030822
11,-4,13,0.667096665416
11,-4,14,0.638093553526103
11,-4,15,0.616096083945053
11,-4,16,0.592652202596424
11,-4,17,0.566078777476803
11,-4,18,0.5025788833908
11,-4,19,0.472303549942348
11,-4,20,0.468832440075957
11,-4,21,0.349122606862714
11,-4,22,0.221211258763815
11,-4,23,0.150157630585917
11,-4,24,0.0924634792896675
11,-4,25,0
11,-4,26,0
11,-4,27,0
11,-4,28,0
11,-4,29,0
11,-4,30,0
11,-3,-3,0.00146236690571
11,-3,-2,0.00360139374131787
11,-3,-1,0.0116365318237637
11,-3,0,0.0426643869289927
11,-3,1,0.149397803837447
11,-3,2,0.39164952255183
11,-3,3,0.594195582530051
11,-3,4,0.628462722911151
11,-3,5,0.677046910497813
11,-3,6,0.67772827284109
11,-3,7,0.695284422548792
11,-3,8,0.701231248877506
11,-3,9,0.696864309155054
11,-3,10,0.707855994053394
11,-3,11,0.701018172483525
11,-3,12,0.692928150989458
11,-3,13,0.678714625642475
11,-3,14,0.654210895836491
11,-3,15,0.625398124620298
11,-3,16,0.571939319259113
11,-3,17,0.542349774843037
11,-3,18,0.513131956834241
11,-3,19,0.467238532110529
11,-3,20,0.468464614493978
11,-3,21,0.329536445433055
11,-3,22,0.237329318958693
11,-3,23,0.175163459061003
11,-3,24,0.0951152389436686
11,-3,25,0
11,-3,26,0
11,-3,27,0
11,-3,28,0
11,-3,29,0
11,-3,30,0
11,-2,-2,0.00692258747025672
11,-2,-1,0.0167351703219867
11,-2,0,0.0515425787769944
11,-2,1,0.164799584793693
11,-2,2,0.412123454202346
11,-2,3,0.601225901655337
11,-2,4,0.635667297557028
11,-2,5,0.680532794422314
11,-2,6,0.672363936580212
11,-2,7,0.706999677876842
11,-2,8,0.702218026940427
11,-2,9,0.707191184718519
11,-2,10,0.711281266686359
11,-2,11,0.71165550836667
11,-2,12,0.70120819986866
11,-2,13,0.686311008365161
11,-2,14,0.645317626720344
11,-2,15,0.594485064119141
11,-2,16,0.554874100089156
11,-2,17,0.547868843229197
11,-2,18,0.503657406522801
11,-2,19,0.473839597233136
11,-2,20,0.47560209995224
11,-2,21,0.344838644494779
11,-2,22,0.241821484488778
11,-2,23,0.181127731738124
11,-2,24,0.0937200071512922
11,-2,25,0
11,-2,26,0
11,-2,27,0
11,-2,28,0
11,-2,29,0
11,-2,30,0
11,-1,-1,0.0315886839560239
11,-1,0,0.0726582013870394
11,-1,1,0.193929697900746
11,-1,2,0.442521490685322
11,-1,3,0.609400805489278
11,-1,4,0.645301894755053
11,-1,5,0.698636111644956
11,-1,6,0.70556501399651
11,-1,7,0.709989428157141
11,-1,8,0.714660211573168
11,-1,9,0.719847653685605
11,-1,10,0.726910328612917
11,-1,11,0.723025205117256
11,-1,12,0.709653076878944
11,-1,13,0.670688700948716
11,-1,14,0.650943253495578
11,-1,15,0.593381128193391
11,-1,16,0.600235793283865
11,-1,17,0.548377949776672
11,-1,18,0.529507077956956
11,-1,19,0.471748992711228
11,-1,20,0.472851845387585
11,-1,21,0.320307073810599
11,-1,22,0.237573491293503
11,-1,23,0.182080061821446
11,-1,24,0.08385042919396
11,-1,25,0
11,-1,26,0
11,-1,27,0
11,-1,28,0
11,-1,29,0
11,-1,30,0
11,0,0,0.129220937519129
11,0,1,0.25646806784412
11,0,2,0.493071919772097
11,0,3,0.623220703397737
11,0,4,0.658235868016227
11,0,5,0.704067091527656
11,0,6,0.715607051034494
11,0,7,0.721514790152962
11,0,8,0.726235433662807
11,0,9,0.738110704755554
11,0,10,0.739468329172358
11,0,11,0.717593578839075
11,0,12,0.697499839777063
11,0,13,0.69057080920442
11,0,14,0.672675089257445
11,0,15,0.634312982251011
11,0,16,0.582623362466858
11,0,17,0.507096392127156
11,0,18,0.492586646915831
11,0,19,0.470845565510061
11,0,20,0.441521745104858
11,0,21,0.308181764764467
11,0,22,0.23107257164319
11,0,23,0.171948566265003
11,0,24,0.0754666818604163
11,0,25,0
11,0,26,0
11,0,27,0
11,0,28,0
11,0,29,0
11,0,30,0
11,1,1,0.389414304296752
11,1,2,0.581349464685059
11,1,3,0.642050768860462
11,1,4,0.6743320018164
11,1,5,0.733167322086891
11,1,6,0.739831368522153
11,1,7,0.74795944499435
11,1,8,0.752938936552055
11,1,9,0.753165023034225
11,1,10,0.746095762091095
11,1,11,0.734114976534
11,1,12,0.731666927514276
11,1,13,0.698908738500692
11,1,14,0.674973720803915
11,1,15,0.573022026415861
11,1,16,0.589660039038472
11,1,17,0.46140707537437
11,1,18,0.48857981171046
11,1,19,0.440243997578607
11,1,20,0.418045909655627
11,1,21,0.288248662077283
11,1,22,0.211264687015942
11,1,23,0.152504145475791
11,1,24,0.0532020562055703
11,1,25,0
11,1,26,0
11,1,27,0
11,1,28,0
11,1,29,0
11,1,30,0
11,2,2,0.650333115256681
11,2,3,0.660042801665929
11,2,4,0.690662633689813
11,2,5,0.7504944308239
11,2,6,0.764174062257513
11,2,7,0.771932512689228
11,2,8,0.770239572990907
11,2,9,0.761291494121988
11,2,10,0.759748048446198
11,2,11,0.765141801136915
11,2,12,0.737638873610203
11,2,13,0.721061421865391
11,2,14,0.691196295121125
11,2,15,0.633262374208592
11,2,16,0.603589912149047
11,2,17,0.563447560162105
11,2,18,0.418891440426691
11,2,19,0.365436597470315
11,2,20,0.306950402998432
11,2,21,0.291495490827717
11,2,22,0.19459353419628
11,2,23,0.130286559901964
11,2,24,0.027832921206151
11,2,25,0
11,2,26,0
11,2,27,0
11,2,28,0
11,2,29,0
11,2,30,0
11,3,3,0.673849968504271
11,3,4,0.70400748471553
11,3,5,0.770645125325674
11,3,6,0.7790850919894
11,3,7,0.782736782660055
11,3,8,0.773943791691224
11,3,9,0.762232626938942
11,3,10,0.747774831743853
11,3,11,0.740623412252282
11,3,12,0.717554763032701
11,3,13,0.672787364921985
11,3,14,0.659959742134495
11,3,15,0.624466649257025
11,3,16,0.582087548765899
11,3,17,0.434345657499431
11,3,18,0.379256982379871
11,3,19,0.371993876355223
11,3,20,0.251910560398848
11,3,21,0.179850348331396
11,3,22,0.139011305602923
11,3,23,0.138286094988135
11,3,24,0
11,3,25,0
11,3,26,0
11,3,27,0
11,3,28,0
11,3,29,0
11,3,30,0
11,4,4,0.733759589903758
11,4,5,0.784510179260284
11,4,6,0.782308640148245
11,4,7,0.784552379978475
11,4,8,0.777315708007615
11,4,9,0.771826635190194
11,4,10,0.764881334211028
11,4,11,0.752451858242038
11,4,12,0.734700155702986
11,4,13,0.712174125618671
11,4,14,0.688153298695892
11,4,15,0.664266522512075
11,4,16,0.63556332844064
11,4,17,0.581758628613698
11,4,18,0.555442020642873
11,4,19,0.538081712099908
11,4,20,0.378362124840573
11,4,21,0.265018763506867
11,4,22,0.1538612622943
11,4,23,0.0942060573535639
11,4,24,0
11,4,25,0
11,4,26,0
11,4,27,0
11,4,28,0
11,4,29,0
11,4,30,0
11,5,5,0.805210383769932
11,5,6,0.817495371157486
11,5,7,0.825322574653368
11,5,8,0.826177534786487
11,5,9,0.825954021255582
11,5,10,0.822993915518647
11,5,11,0.818908464858206
11,5,12,0.809861365221462
11,5,13,0.791217439152438
11,5,14,0.755213354685753
11,5,15,0.713956076052513
11,5,16,0.666361274436266
11,5,17,0.590966844130982
11,5,18,0.541807780971167
11,5,19,0.435340982945904
11,5,20,0.296673852116742
11,5,21,0.208751852443732
11,5,22,0.151272934753742
11,5,23,0.0279006420856128
11,5,24,0
11,5,25,0
11,5,26,0
11,5,27,0
11,5,28,0
11,5,29,0
11,5,30,0
11,6,6,0.836165723739876
11,6,7,0.844821977660918
11,6,8,0.845214799348973
11,6,9,0.844240930925846
11,6,10,0.838050255636026
11,6,11,0.827340323279092
11,6,12,0.807930386852452
11,6,13,0.776220320431435
11,6,14,0.736025310218495
11,6,15,0.7076340128692
11,6,16,0.621418387292081
11,6,17,0.575205455779471
11,6,18,0.530374306015519
11,6,19,0.379920990446481
11,6,20,0.28057247260722
11,6,21,0.196379421449471
11,6,22,0.0942193837173307
11,6,23,0
11,6,24,0
11,6,25,0
11,6,26,0
11,6,27,0
11,6,28,0
11,6,29,0
11,6,30,0
11,7,7,0.851630760158385
11,7,8,0.847951021985252
11,7,9,0.842202231406635
11,7,10,0.834809689808272
11,7,11,0.820782169860062
11,7,12,0.797771132778808
11,7,13,0.766335857902876
11,7,14,0.717587878624663
11,7,15,0.658245908017072
11,7,16,0.593301883652826
11,7,17,0.55307188654794
11,7,18,0.473748140386082
11,7,19,0.325636765549995
11,7,20,0.236208751161764
11,7,21,0.139398588201552
11,7,22,0
11,7,23,0
11,7,24,0
11,7,25,0
11,7,26,0
11,7,27,0
11,7,28,0
11,7,29,0
11,7,30,0
11,8,8,0.839131283431408
11,8,9,0.834544137695241
11,8,10,0.823740205552339
11,8,11,0.808890084220902
11,8,12,0.780816293990477
11,8,13,0.740024302609827
11,8,14,0.691697989005065
11,8,15,0.612966290387669
11,8,16,0.561620764366195
11,8,17,0.50283201289878
11,8,18,0.375218354119394
11,8,19,0.262865076878136
11,8,20,0.162858679554265
11,8,21,0.0151953190946561
11,8,22,0
11,8,23,0
11,8,24,0
11,8,25,0
11,8,26,0
11,8,27,0
11,8,28,0
11,8,29,0
11,8,30,0
11,9,9,0.828160037165973
11,9,10,0.809012106287779
11,9,11,0.788797104770286
11,9,12,0.757489028625564
11,9,13,0.703046656578136
11,9,14,0.645949088973002
11,9,15,0.568935887961492
11,9,16,0.50301748300346
11,9,17,0.42091787677221
11,9,18,0.283101476332325
11,9,19,0.165480360016949
11,9,20,0.00759933041784978
11,9,21,0
11,9,22,0
11,9,23,0
11,9,24,0
11,9,25,0
11,9,26,0
11,9,27,0
11,9,28,0
11,9,29,0
11,9,30,0
11,10,10,0.782661515132411
11,10,11,0.760209704741731
11,10,12,0.723661330036247
11,10,13,0.662681277664329
11,10,14,0.57049341370471
11,10,15,0.502532107004316
11,10,16,0.461237957210816
11,10,17,0.285986341988227
11,10,18,0.137278909325631
11,10,19,0
11,10,20,0
11,10,21,0
11,10,22,0
11,10,23,0
11,10,24,0
11,10,25,0
11,10,26,0
11,10,27,0
11,10,28,0
11,10,29,0
11,10,30,0
11,11,11,0.728127943699317
11,11,12,0.674490002310008
11,11,13,0.597429911586813
11,11,14,0.501481403577539
11,11,15,0.455781565966911
11,11,16,0.249145041005543
11,11,17,0.0557537848669898
11,11,18,0
11,11,19,0
11,11,20,0
11,11,21,0
11,11,22,0
11,11,23,0
11,11,24,0
11,11,25,0
11,11,26,0
11,11,27,0
11,11,28,0
11,11,29,0
11,11,30,0
11,12,12,0.615227877880976
11,12,13,0.500033684225922
11,12,14,0.400837496748826
11,12,15,0.119278801126599
11,12,16,0
11,12,17,0
11,12,18,0
11,12,19,0
11,12,20,0
11,12,21,0
11,12,22,0
11,12,23,0
11,12,24,0
11,12,25,0
11,12,26,0
11,12,27,0
11,12,28,0
11,12,29,0
11,12,30,0
11,13,13,0
11,13,14,0
11,13,15,0
11,13,16,0
11,13,17,0
11,13,18,0
11,13,19,0
11,13,20,0
11,13,21,0
11,13,22,0
11,13,23,0
11,13,24,0
11,13,25,0
11,13,26,0
11,13,27,0
11,13,28,0
11,13,29,0
11,13,30,0
11,14,14,0
11,14,15,0
11,14,16,0
11,14,17,0
11,14,18,0
11,14,19,0
11,14,20,0
11,14,21,0
11,14,22,0
11,14,23,0
11,14,24,0
11,14,25,0
11,14,26,0
11,14,27,0
11,14,28,0
11,14,29,0
11,14,30,0
11,15,15,0
11,15,16,0
11,15,17,0
11,15,18,0
11,15,19,0
11,15,20,0
11,15,21,0
11,15,22,0
11,15,23,0
11,15,24,0
11,15,25,0
11,15,26,0
11,15,27,0
11,15,28,0
11,15,29,0
11,15,30,0
11,16,16,0
11,16,17,0
11,16,18,0
11,16,19,0
11,16,20,0
11,16,21,0
11,16,22,0
11,16,23,0
11,16,24,0
11,16,25,0
11,16,26,0
11,16,27,0
11,16,28,0
11,16,29,0
11,16,30,0
11,17,17,0
11,17,18,0
11,17,19,0
11,17,20,0
11,17,21,0
11,17,22,0
11,17,23,0
11,17,24,0
11,17,25,0
11,17,26,0
11,17,27,0
11,17,28,0
11,17,29,0
11,17,30,0
11,18,18,0
11,18,19,0
11,18,20,0
11,18,21,0
11,18,22,0
11,18,23,0
11,18,24,0
11,18,25,0
11,18,26,0
11,18,27,0
11,18,28,0
11,18,29,0
11,18,30,0
11,19,19,0
11,19,20,0
11,19,21,0
11,19,22,0
11,19,23,0
11,19,24,0
11,19,25,0
11,19,26,0
11,19,27,0
11,19,28,0
11,19,29,0
11,19,30,0
11,20,20,0
11,20,21,0
11,20,22,0
11,20,23,0
11,20,24,0
11,20,25,0
11,20,26,0
11,20,27,0
11,20,28,0
11,20,29,0
11,20,30,0
12,-20,-15,7.37892744086287e-13
12,-20,-14,4.05096058709152e-12
12,-20,-13,2.21138585941272e-11
12,-20,-12,1.1953837696939e-10
12,-20,-11,6.38399646139882e-10
12,-20,-10,3.36420475749905e-09
12,-20,-9,1.74830769091091e-08
12,-20,-8,8.95810156857814e-08
12,-20,-7,4.5258557700746e-07
12,-20,-6,2.25503995897362e-06
12,-20,-5,1.10836143077233e-05
12,-20,-4,5.3749573070901e-05
12,-20,-3,0.000257183302391822
12,-20,-2,0.00121297176874487
12,-20,-1,0.00560721166653418
12,-20,0,0.0247986619465555
12,-20,1,0.0958736234678895
12,-20,2,0.260749927249529
12,-20,3,0.424685061507472
12,-20,4,0.456022743943963
12,-20,5,0.468357802676187
12,-20,6,0.492975969086294
12,-20,7,0.501689305628072
12,-20,8,0.511913472704811
12,-20,9,0.5207132649869
12,-20,10,0.53268552520918
12,-20,11,0.531492540672252
12,-20,12,0.525652259218314
12,-20,13,0.499362538021968
12,-20,14,0.506682592705496
12,-20,15,0.495157403817957
12,-20,16,0.496537379872101
12,-20,17,0.486843365221822
12,-20,18,0.439879302426284
12,-20,19,0.469896929112104
12,-20,20,0.32267459364532
12,-20,21,0.198699498870095
12,-20,22,0.0985923727364976
12,-20,23,0
12,-20,24,0
12,-20,25,0
12,-20,26,0
12,-20,27,0
12,-20,28,0
12,-20,29,0
12,-20,30,0
12,-19,-15,8.14090390425606e-13
12,-19,-14,4.36358785409236e-12
12,-19,-13,2.34560173268212e-11
12,-19,-12,1.25441036444125e-10
12,-19,-11,6.64729346208894e-10
12,-19,-10,3.48279741987698e-09
12,-19,-9,1.80213672275415e-08
12,-19,-8,9.20403369146588e-08
12,-19,-7,4.63881575473739e-07
12,-19,-6,2.30711698518816e-06
12,-19,-5,1.13245564786659e-05
12,-19,-4,5.48667381975828e-05
12,-19,-3,0.000262332667643182
12,-19,-2,0.00123643917259933
12,-19,-1,0.00571320151658689
12,-19,0,0.0252637810237418
12,-19,1,0.0977146356829117
12,-19,2,0.266117293711557
12,-19,3,0.4337272251908
12,-19,4,0.464719782747524
12,-19,5,0.479418062731421
12,-19,6,0.505366169798629
12,-19,7,0.509034679398306
12,-19,8,0.5212037728016
12,-19,9,0.526060372999178
12,-19,10,0.539561593061148
12,-19,11,0.537633979284085
12,-19,12,0.534354665269814
12,-19,13,0.508256219947778
